[{"model": "page.page", "pk": 1, "fields": {"active": true, "title": "novost1", "slug": "novost1", "parent": null, "in_navigation": false, "override_url": "", "redirect_to": "", "_cached_url": "/novost1/", "lft": 1, "rght": 2, "tree_id": 1, "level": 0, "publication_date": "2020-08-29T08:40:00Z", "publication_end_date": null, "language": "ru", "translation_of": null, "template_key": "widgets/base_widget.html", "type": 1}}, {"model": "page.page", "pk": 2, "fields": {"active": true, "title": "\u043d\u043e\u0432\u043e\u0441\u0442\u044c 2", "slug": "novost-2", "parent": null, "in_navigation": false, "override_url": "", "redirect_to": "", "_cached_url": "/novost-2/", "lft": 1, "rght": 2, "tree_id": 2, "level": 0, "publication_date": "2020-08-29T08:40:00Z", "publication_end_date": null, "language": "ru", "translation_of": null, "template_key": "widgets/base_widget.html", "type": 1}}, {"model": "page.richtextcontent", "pk": 1, "fields": {"parent": 1, "region": "main", "ordering": 0, "text": "<p style=\"font-weight: 400;\"><strong>\u0428\u0430\u0431\u043b\u043e\u043d&nbsp;&ndash;&nbsp;</strong>\u044d\u0442\u043e \u043c\u043e\u0434\u0435\u043b\u044c \u0434\u043b\u044f \u0441\u043e\u0437\u0434\u0430\u043d\u0438\u044f \u043d\u043e\u0432\u043e\u0433\u043e \u0434\u043e\u043a\u0443\u043c\u0435\u043d\u0442\u0430. \u0412 \u0448\u0430\u0431\u043b\u043e\u043d\u0435 \u0445\u0440\u0430\u043d\u044f\u0442\u0441\u044f \u0440\u0430\u0437\u043d\u043e\u043e\u0431\u0440\u0430\u0437\u043d\u044b\u0435 \u044d\u043b\u0435\u043c\u0435\u043d\u0442\u044b, \u0441\u043e\u0441\u0442\u0430\u0432\u043b\u044f\u044e\u0449\u0438\u0435 \u043e\u0441\u043d\u043e\u0432\u0443 \u0434\u043e\u043a\u0443\u043c\u0435\u043d\u0442\u0430<strong>&nbsp;</strong>Word:</p>\r\n<ul style=\"font-weight: 400;\">\r\n<li>\u043f\u043e\u0441\u0442\u043e\u044f\u043d\u043d\u044b\u0439 \u0442\u0435\u043a\u0441\u0442, \u0433\u0440\u0430\u0444\u0438\u043a\u0430 \u0434\u043e\u043a\u0443\u043c\u0435\u043d\u0442\u0430 \u0432\u043c\u0435\u0441\u0442\u0435 \u0441 \u043d\u0430\u0437\u043d\u0430\u0447\u0435\u043d\u043d\u044b\u043c\u0438 \u0438\u043c \u0430\u0442\u0440\u0438\u0431\u0443\u0442\u0430\u043c\u0438 \u0444\u043e\u0440\u043c\u0430\u0442\u0430;</li>\r\n<li>\u043f\u0430\u0440\u0430\u043c\u0435\u0442\u0440\u044b \u043f\u0435\u0447\u0430\u0442\u043d\u043e\u0439 \u0441\u0442\u0440\u0430\u043d\u0438\u0446\u044b \u0434\u043e\u043a\u0443\u043c\u0435\u043d\u0442\u0430;</li>\r\n<li>\u0441\u043f\u0438\u0441\u043e\u043a \u0434\u043e\u0441\u0442\u0443\u043f\u043d\u044b\u0445 \u0441\u0442\u0438\u043b\u0435\u0439;</li>\r\n<li>\u043c\u0430\u043a\u0440\u043e\u043a\u043e\u043c\u0430\u043d\u0434\u044b (\u043f\u043e\u0441\u043b\u0435\u0434\u043e\u0432\u0430\u0442\u0435\u043b\u044c\u043d\u043e\u0441\u0442\u044c \u0434\u0435\u0439\u0441\u0442\u0432\u0438\u0439 \u0430\u0432\u0442\u043e\u043c\u0430\u0442\u0438\u0437\u0438\u0440\u0443\u044e\u0449\u0438\u0445 \u0440\u0430\u0431\u043e\u0442\u0443 \u0441 \u0434\u043e\u043a\u0443\u043c\u0435\u043d\u0442\u043e\u043c);</li>\r\n<li>\u044d\u043b\u0435\u043c\u0435\u043d\u0442\u044b \u0430\u0432\u0442\u043e\u0442\u0435\u043a\u0441\u0442\u0430 \u0434\u043b\u044f \u0432\u0441\u0442\u0430\u0432\u043a\u0438 \u0432 \u0434\u043e\u043a\u0443\u043c\u0435\u043d\u0442 \u0442\u0435\u043a\u0441\u0442\u043e\u0432\u044b\u0445 \u0438\u043b\u0438 \u0433\u0440\u0430\u0444\u0438\u0447\u0435\u0441\u043a\u0438\u0445 \u0444\u0440\u0430\u0433\u043c\u0435\u043d\u0442\u043e\u0432;</li>\r\n<li>\u043f\u043e\u043b\u044c\u0437\u043e\u0432\u0430\u0442\u0435\u043b\u044c\u0441\u043a\u0438\u0435 \u043f\u0430\u043d\u0435\u043b\u0438 \u0438\u043d\u0441\u0442\u0440\u0443\u043c\u0435\u043d\u0442\u043e\u0432, \u043c\u0435\u043d\u044e \u0438 \u0441\u043e\u0447\u0435\u0442\u0430\u043d\u0438\u044f \u043a\u043b\u0430\u0432\u0438\u0448.</li>\r\n</ul>\r\n<p>\u041f\u0440\u0438 \u0441\u043e\u0437\u0434\u0430\u043d\u0438\u0438 \u043d\u043e\u0432\u043e\u0433\u043e \u0434\u043e\u043a\u0443\u043c\u0435\u043d\u0442\u0430 \u043d\u0435\u043a\u043e\u0442\u043e\u0440\u044b\u0435 \u0438\u0437 \u044d\u0442\u0438\u0445 \u044d\u043b\u0435\u043c\u0435\u043d\u0442\u043e\u0432 (\u043d\u0430\u043f\u0440\u0438\u043c\u0435\u0440, \u0442\u0435\u043a\u0441\u0442 \u0438 \u0441\u0442\u0438\u043b\u0438) \u043a\u043e\u043f\u0438\u0440\u0443\u044e\u0442\u0441\u044f \u0432 \u043d\u0435\u0433\u043e \u0438\u0437 \u0432\u044b\u0431\u0440\u0430\u043d\u043d\u043e\u0433\u043e \u0448\u0430\u0431\u043b\u043e\u043d\u0430. \u0414\u0440\u0443\u0433\u0438\u0435 \u044d\u043b\u0435\u043c\u0435\u043d\u0442\u044b (\u0430\u0432\u0442\u043e\u0442\u0435\u043a\u0441\u0442, \u043c\u0430\u043a\u0440\u043e\u0441\u044b) \u0445\u0440\u0430\u043d\u044f\u0442\u0441\u044f \u0432 \u0448\u0430\u0431\u043b\u043e\u043d\u0435. \u0428\u0430\u0431\u043b\u043e\u043d\u043e\u0441\u0442\u0430\u0435\u0442\u0441\u044f \u043f\u0440\u0438\u0441\u043e\u0435\u0434\u0438\u043d\u0435\u043d\u043d\u044b\u043c \u043a \u0434\u043e\u043a\u0443\u043c\u0435\u043d\u0442\u0443, \u0438 \u043f\u043e\u0441\u043b\u0435\u0434\u043d\u0438\u0439 \u0438\u043c\u0435\u0435\u0442 \u0434\u043e\u0441\u0442\u0443\u043f \u043a \u0435\u0433\u043e \u044d\u043b\u0435\u043c\u0435\u043d\u0442\u0430\u043c.</p>"}}, {"model": "page.richtextcontent", "pk": 2, "fields": {"parent": 2, "region": "main", "ordering": 0, "text": "<p style=\"font-weight: 400;\"><strong>\u0428\u0430\u0431\u043b\u043e\u043d&nbsp;&ndash;&nbsp;</strong>\u044d\u0442\u043e \u043c\u043e\u0434\u0435\u043b\u044c \u0434\u043b\u044f \u0441\u043e\u0437\u0434\u0430\u043d\u0438\u044f \u043d\u043e\u0432\u043e\u0433\u043e \u0434\u043e\u043a\u0443\u043c\u0435\u043d\u0442\u0430. \u0412 \u0448\u0430\u0431\u043b\u043e\u043d\u0435 \u0445\u0440\u0430\u043d\u044f\u0442\u0441\u044f \u0440\u0430\u0437\u043d\u043e\u043e\u0431\u0440\u0430\u0437\u043d\u044b\u0435 \u044d\u043b\u0435\u043c\u0435\u043d\u0442\u044b, \u0441\u043e\u0441\u0442\u0430\u0432\u043b\u044f\u044e\u0449\u0438\u0435 \u043e\u0441\u043d\u043e\u0432\u0443 \u0434\u043e\u043a\u0443\u043c\u0435\u043d\u0442\u0430<strong>&nbsp;</strong>Word:</p>\r\n<ul style=\"font-weight: 400;\">\r\n<li>\u043f\u043e\u0441\u0442\u043e\u044f\u043d\u043d\u044b\u0439 \u0442\u0435\u043a\u0441\u0442, \u0433\u0440\u0430\u0444\u0438\u043a\u0430 \u0434\u043e\u043a\u0443\u043c\u0435\u043d\u0442\u0430 \u0432\u043c\u0435\u0441\u0442\u0435 \u0441 \u043d\u0430\u0437\u043d\u0430\u0447\u0435\u043d\u043d\u044b\u043c\u0438 \u0438\u043c \u0430\u0442\u0440\u0438\u0431\u0443\u0442\u0430\u043c\u0438 \u0444\u043e\u0440\u043c\u0430\u0442\u0430;</li>\r\n<li>\u043f\u0430\u0440\u0430\u043c\u0435\u0442\u0440\u044b \u043f\u0435\u0447\u0430\u0442\u043d\u043e\u0439 \u0441\u0442\u0440\u0430\u043d\u0438\u0446\u044b \u0434\u043e\u043a\u0443\u043c\u0435\u043d\u0442\u0430;</li>\r\n<li>\u0441\u043f\u0438\u0441\u043e\u043a \u0434\u043e\u0441\u0442\u0443\u043f\u043d\u044b\u0445 \u0441\u0442\u0438\u043b\u0435\u0439;</li>\r\n<li>\u043c\u0430\u043a\u0440\u043e\u043a\u043e\u043c\u0430\u043d\u0434\u044b (\u043f\u043e\u0441\u043b\u0435\u0434\u043e\u0432\u0430\u0442\u0435\u043b\u044c\u043d\u043e\u0441\u0442\u044c \u0434\u0435\u0439\u0441\u0442\u0432\u0438\u0439 \u0430\u0432\u0442\u043e\u043c\u0430\u0442\u0438\u0437\u0438\u0440\u0443\u044e\u0449\u0438\u0445 \u0440\u0430\u0431\u043e\u0442\u0443 \u0441 \u0434\u043e\u043a\u0443\u043c\u0435\u043d\u0442\u043e\u043c);</li>\r\n<li>\u044d\u043b\u0435\u043c\u0435\u043d\u0442\u044b \u0430\u0432\u0442\u043e\u0442\u0435\u043a\u0441\u0442\u0430 \u0434\u043b\u044f \u0432\u0441\u0442\u0430\u0432\u043a\u0438 \u0432 \u0434\u043e\u043a\u0443\u043c\u0435\u043d\u0442 \u0442\u0435\u043a\u0441\u0442\u043e\u0432\u044b\u0445 \u0438\u043b\u0438 \u0433\u0440\u0430\u0444\u0438\u0447\u0435\u0441\u043a\u0438\u0445 \u0444\u0440\u0430\u0433\u043c\u0435\u043d\u0442\u043e\u0432;</li>\r\n<li>\u043f\u043e\u043b\u044c\u0437\u043e\u0432\u0430\u0442\u0435\u043b\u044c\u0441\u043a\u0438\u0435 \u043f\u0430\u043d\u0435\u043b\u0438 \u0438\u043d\u0441\u0442\u0440\u0443\u043c\u0435\u043d\u0442\u043e\u0432, \u043c\u0435\u043d\u044e \u0438 \u0441\u043e\u0447\u0435\u0442\u0430\u043d\u0438\u044f \u043a\u043b\u0430\u0432\u0438\u0448.</li>\r\n</ul>\r\n<p>\u041f\u0440\u0438 \u0441\u043e\u0437\u0434\u0430\u043d\u0438\u0438 \u043d\u043e\u0432\u043e\u0433\u043e \u0434\u043e\u043a\u0443\u043c\u0435\u043d\u0442\u0430 \u043d\u0435\u043a\u043e\u0442\u043e\u0440\u044b\u0435 \u0438\u0437 \u044d\u0442\u0438\u0445 \u044d\u043b\u0435\u043c\u0435\u043d\u0442\u043e\u0432 (\u043d\u0430\u043f\u0440\u0438\u043c\u0435\u0440, \u0442\u0435\u043a\u0441\u0442 \u0438 \u0441\u0442\u0438\u043b\u0438) \u043a\u043e\u043f\u0438\u0440\u0443\u044e\u0442\u0441\u044f \u0432 \u043d\u0435\u0433\u043e \u0438\u0437 \u0432\u044b\u0431\u0440\u0430\u043d\u043d\u043e\u0433\u043e \u0448\u0430\u0431\u043b\u043e\u043d\u0430. \u0414\u0440\u0443\u0433\u0438\u0435 \u044d\u043b\u0435\u043c\u0435\u043d\u0442\u044b (\u0430\u0432\u0442\u043e\u0442\u0435\u043a\u0441\u0442, \u043c\u0430\u043a\u0440\u043e\u0441\u044b) \u0445\u0440\u0430\u043d\u044f\u0442\u0441\u044f \u0432 \u0448\u0430\u0431\u043b\u043e\u043d\u0435. \u0428\u0430\u0431\u043b\u043e\u043d\u043e\u0441\u0442\u0430\u0435\u0442\u0441\u044f \u043f\u0440\u0438\u0441\u043e\u0435\u0434\u0438\u043d\u0435\u043d\u043d\u044b\u043c \u043a \u0434\u043e\u043a\u0443\u043c\u0435\u043d\u0442\u0443, \u0438 \u043f\u043e\u0441\u043b\u0435\u0434\u043d\u0438\u0439 \u0438\u043c\u0435\u0435\u0442 \u0434\u043e\u0441\u0442\u0443\u043f \u043a \u0435\u0433\u043e \u044d\u043b\u0435\u043c\u0435\u043d\u0442\u0430\u043c.</p>"}}, {"model": "page.richtextcontent", "pk": 3, "fields": {"parent": 2, "region": "main", "ordering": 2, "text": "<p style=\"font-weight: 400; text-align: center;\"><strong>\u0412\u0442<em>\u043e\u0440\u0430\u044f \u0447\u0430\u0441\u0442\u044c \u043d\u043e\u0432\u043e\u0441\u0442\u043d\u043e\u0439 \u0441\u0442\u0430\u0442\u044c\u0438</em></strong></p>\r\n<p style=\"font-weight: 400;\"><strong><em>\u0428\u0430\u0431\u043b\u043e\u043d&nbsp;&ndash;&nbsp;\u044d\u0442\u043e \u043c\u043e\u0434\u0435\u043b\u044c \u0434\u043b\u044f \u0441\u043e\u0437\u0434\u0430\u043d\u0438\u044f \u043d\u043e\u0432\u043e\u0433\u043e \u0434\u043e\u043a\u0443\u043c\u0435\u043d\u0442\u0430. \u0412 \u0448\u0430\u0431\u043b\u043e\u043d\u0435 \u0445\u0440\u0430\u043d\u044f\u0442\u0441\u044f \u0440\u0430\u0437\u043d\u043e\u043e\u0431</em>\u0440\u0430\u0437\u043d\u044b\u0435 \u044d\u043b\u0435\u043c\u0435\u043d\u0442\u044b, \u0441\u043e\u0441\u0442\u0430\u0432\u043b\u044f\u044e\u0449\u0438\u0435 \u043e\u0441\u043d\u043e\u0432\u0443 \u0434\u043e\u043a\u0443\u043c\u0435\u043d\u0442\u0430&nbsp;Word:</strong></p>\r\n<ul style=\"font-weight: 400;\">\r\n<li>\u043f\u043e\u0441\u0442\u043e\u044f\u043d\u043d\u044b\u0439 \u0442\u0435\u043a\u0441\u0442, \u0433\u0440\u0430\u0444\u0438\u043a\u0430 \u0434\u043e\u043a\u0443\u043c\u0435\u043d\u0442\u0430 \u0432\u043c\u0435\u0441\u0442\u0435 \u0441 \u043d\u0430\u0437\u043d\u0430\u0447\u0435\u043d\u043d\u044b\u043c\u0438 \u0438\u043c \u0430\u0442\u0440\u0438\u0431\u0443\u0442\u0430\u043c\u0438 \u0444\u043e\u0440\u043c\u0430\u0442\u0430;</li>\r\n<li>\u043f\u0430\u0440\u0430\u043c\u0435\u0442\u0440\u044b \u043f\u0435\u0447\u0430\u0442\u043d\u043e\u0439 \u0441\u0442\u0440\u0430\u043d\u0438\u0446\u044b \u0434\u043e\u043a\u0443\u043c\u0435\u043d\u0442\u0430;</li>\r\n<li>\u0441\u043f\u0438\u0441\u043e\u043a \u0434\u043e\u0441\u0442\u0443\u043f\u043d\u044b\u0445 \u0441\u0442\u0438\u043b\u0435\u0439;</li>\r\n<li>\u043c\u0430\u043a\u0440\u043e\u043a\u043e\u043c\u0430\u043d\u0434\u044b (\u043f\u043e\u0441\u043b\u0435\u0434\u043e\u0432\u0430\u0442\u0435\u043b\u044c\u043d\u043e\u0441\u0442\u044c \u0434\u0435\u0439\u0441\u0442\u0432\u0438\u0439 \u0430\u0432\u0442\u043e\u043c\u0430\u0442\u0438\u0437\u0438\u0440\u0443\u044e\u0449\u0438\u0445 \u0440\u0430\u0431\u043e\u0442\u0443 \u0441 \u0434\u043e\u043a\u0443\u043c\u0435\u043d\u0442\u043e\u043c);</li>\r\n<li>\u044d\u043b\u0435\u043c\u0435\u043d\u0442\u044b \u0430\u0432\u0442\u043e\u0442\u0435\u043a\u0441\u0442\u0430 \u0434\u043b\u044f \u0432\u0441\u0442\u0430\u0432\u043a\u0438 \u0432 \u0434\u043e\u043a\u0443\u043c\u0435\u043d\u0442 \u0442\u0435\u043a\u0441\u0442\u043e\u0432\u044b\u0445 \u0438\u043b\u0438 \u0433\u0440\u0430\u0444\u0438\u0447\u0435\u0441\u043a\u0438\u0445 \u0444\u0440\u0430\u0433\u043c\u0435\u043d\u0442\u043e\u0432;</li>\r\n<li>\u043f\u043e\u043b\u044c\u0437\u043e\u0432\u0430\u0442\u0435\u043b\u044c\u0441\u043a\u0438\u0435 \u043f\u0430\u043d\u0435\u043b\u0438 \u0438\u043d\u0441\u0442\u0440\u0443\u043c\u0435\u043d\u0442\u043e\u0432, \u043c\u0435\u043d\u044e \u0438 \u0441\u043e\u0447\u0435\u0442\u0430\u043d\u0438\u044f \u043a\u043b\u0430\u0432\u0438\u0448.</li>\r\n</ul>\r\n<p>\u041f\u0440\u0438 \u0441\u043e\u0437\u0434\u0430\u043d\u0438\u0438 \u043d\u043e\u0432\u043e\u0433\u043e \u0434\u043e\u043a\u0443\u043c\u0435\u043d\u0442\u0430 \u043d\u0435\u043a\u043e\u0442\u043e\u0440\u044b\u0435 \u0438\u0437 \u044d\u0442\u0438\u0445 \u044d\u043b\u0435\u043c\u0435\u043d\u0442\u043e\u0432 (\u043d\u0430\u043f\u0440\u0438\u043c\u0435\u0440, \u0442\u0435\u043a\u0441\u0442 \u0438 \u0441\u0442\u0438\u043b\u0438) \u043a\u043e\u043f\u0438\u0440\u0443\u044e\u0442\u0441\u044f \u0432 \u043d\u0435\u0433\u043e \u0438\u0437 \u0432\u044b\u0431\u0440\u0430\u043d\u043d\u043e\u0433\u043e \u0448\u0430\u0431\u043b\u043e\u043d\u0430. \u0414\u0440\u0443\u0433\u0438\u0435 \u044d\u043b\u0435\u043c\u0435\u043d\u0442\u044b (\u0430\u0432\u0442\u043e\u0442\u0435\u043a\u0441\u0442, \u043c\u0430\u043a\u0440\u043e\u0441\u044b) \u0445\u0440\u0430\u043d\u044f\u0442\u0441\u044f \u0432 \u0448\u0430\u0431\u043b\u043e\u043d\u0435. \u0428\u0430\u0431\u043b\u043e\u043d\u043e\u0441\u0442\u0430\u0435\u0442\u0441\u044f \u043f\u0440\u0438\u0441\u043e\u0435\u0434\u0438\u043d\u0435\u043d\u043d\u044b\u043c \u043a \u0434\u043e\u043a\u0443\u043c\u0435\u043d\u0442\u0443, \u0438 \u043f\u043e\u0441\u043b\u0435\u0434\u043d\u0438\u0439 \u0438\u043c\u0435\u0435\u0442 \u0434\u043e\u0441\u0442\u0443\u043f \u043a \u0435\u0433\u043e \u044d\u043b\u0435\u043c\u0435\u043d\u0442\u0430\u043c.</p>"}}, {"model": "page.mediafilecontent", "pk": 1, "fields": {"mediafile": 1, "parent": 2, "region": "main", "ordering": 1, "type": "default"}}, {"model": "medialibrary.mediafile", "pk": 1, "fields": {"file": "medialibrary/2020/08/pustynya_sahara_2_bk3OEFJ.jpg", "type": "image", "created": "2020-08-29T08:25:08.319Z", "copyright": "", "file_size": 126042, "categories": []}}, {"model": "cms.articles", "pk": 1, "fields": {"is_active": true, "title": "\u042f - \u0421\u041e\u0417\u0410\u0412\u0418\u0421\u0418\u041c\u042b\u0419", "picture": 1, "pic_text": null, "text": "<p>\u0418\u043c\u0435\u043d\u043d\u043e \u043d\u0430 \u043f\u043b\u0435\u0447\u0438 \u0440\u043e\u0434\u0438\u0442\u0435\u043b\u0435\u0439 \u043b\u043e\u0436\u0438\u0442\u0441\u044f \u0432\u0441\u044f \u0442\u044f\u0436\u0435\u0441\u0442\u044c \u043f\u0440\u043e\u0431\u043b\u0435\u043c\u044b \u0434\u0435\u0442\u0435\u0439 \u0441 \u043d\u0430\u0440\u043a\u043e\u0437\u0430\u0432\u0438\u0441\u0438\u043c\u043e\u0441\u0442\u044c\u044e. \u0427\u0430\u0441\u0442\u043e \u0440\u043e\u0434\u0438\u0442\u0435\u043b\u0438 \u0434\u0430\u0436\u0435 \u043d\u0435 \u0437\u0430\u043c\u0435\u0447\u0430\u044e\u0442, \u043a\u0430\u043a \u0441\u0442\u0430\u043d\u043e\u0432\u044f\u0442\u0441\u044f \u0441\u043e\u0437\u0430\u0432\u0438\u0441\u0438\u043c\u044b\u043c\u0438, \u0438 \u043d\u0435 \u043f\u043e\u043d\u0438\u043c\u0430\u044e\u0442, \u0447\u0442\u043e \u0438\u043c \u043d\u0443\u0436\u043d\u0430 \u043f\u043e\u043c\u043e\u0449\u044c, \u043f\u043e\u0434\u0434\u0435\u0440\u0436\u043a\u0430 \u0438 \u0441\u0435\u0440\u044c\u0435\u0437\u043d\u0430\u044f \u0440\u0435\u0430\u0431\u0438\u043b\u0438\u0442\u0430\u0446\u0438\u044f. \u041e\u043d\u0438 \u043d\u0430\u0441\u0442\u043e\u043b\u044c\u043a\u043e \u043f\u043e\u0433\u043b\u043e\u0449\u0435\u043d\u044b \u043f\u0440\u043e\u0431\u043b\u0435\u043c\u0430\u043c\u0438 \u0441\u0432\u043e\u0438\u0445 \u0434\u0435\u0442\u0435\u0439 \u0438 \u0441\u043e\u0445\u0440\u0430\u043d\u0435\u043d\u0438\u0435\u043c \u0441\u0435\u043c\u0435\u0439\u043d\u043e\u0439 \u0442\u0430\u0439\u043d\u044b, \u0447\u0442\u043e \u043d\u0430 \u044d\u0442\u043e \u0443 \u043d\u0438\u0445 \u0443\u0445\u043e\u0434\u044f\u0442 \u0432\u0441\u0435 \u0441\u0438\u043b\u044b, \u043f\u0440\u043e \u0441\u0432\u043e\u044e \u0441\u043e\u0431\u0441\u0442\u0432\u0435\u043d\u043d\u0443\u044e \u0436\u0438\u0437\u043d\u044c \u043e\u043d\u0438 \u043f\u0440\u043e\u0441\u0442\u043e \u0437\u0430\u0431\u044b\u0432\u0430\u044e\u0442. \u041f\u043e\u044d\u0442\u043e\u043c\u0443 \u0434\u043b\u044f \u0442\u043e\u0433\u043e, \u0447\u0442\u043e\u0431\u044b \u043f\u043e\u043c\u043e\u0447\u044c \u0441\u0432\u043e\u0435\u043c\u0443 \u0431\u043b\u0438\u0437\u043a\u043e\u043c\u0443, \u0437\u0430\u0432\u0438\u0441\u0438\u043c\u043e\u043c\u0443 \u043e\u0442 \u043d\u0430\u0440\u043a\u043e\u0442\u0438\u043a\u043e\u0432, \u0432-\u043f\u0435\u0440\u0432\u0443\u044e \u043e\u0447\u0435\u0440\u0435\u0434\u044c \u043d\u0435\u043e\u0431\u0445\u043e\u0434\u0438\u043c\u043e \u043f\u043e\u043b\u0443\u0447\u0438\u0442\u044c \u043f\u043e\u043c\u043e\u0449\u044c \u0438 \u043f\u043e\u0434\u0434\u0435\u0440\u0436\u043a\u0443 \u0441\u0430\u043c\u0438\u043c \u0431\u043b\u0438\u0437\u043a\u0438\u043c, <a href=\"/advice/\">\u043d\u0430\u0443\u0447\u0438\u0442\u0441\u044f \u043f\u0440\u0430\u0432\u0438\u043b\u044c\u043d\u043e \u0441\u0435\u0431\u044f \u0432\u0435\u0441\u0442\u0438</a> \u0438 \u043d\u0430\u0447\u0430\u0442\u044c \u0432\u044b\u0437\u0434\u043e\u0440\u0430\u0432\u043b\u0438\u0432\u0430\u0442\u044c \u0441\u0430\u043c\u0438\u043c \u043e\u0442 \u0441\u043e\u0437\u0430\u0432\u0438\u0441\u0438\u043c\u043e\u0441\u0442\u0438. </p>\r\n<p>\u041b\u0443\u0447\u0448\u0435 \u0432\u0441\u0435\u0433\u043e \u044d\u0442\u0443 \u0437\u0430\u0434\u0430\u0447\u0443 \u043f\u043e\u043c\u043e\u0433\u0430\u044e\u0442 \u0440\u0435\u0448\u0438\u0442\u044c \u0433\u0440\u0443\u043f\u043f\u044b \u0432\u0437\u0430\u0438\u043c\u043e\u043f\u043e\u043c\u043e\u0449\u0438, \u043d\u0430 \u0441\u0435\u0433\u043e\u0434\u043d\u044f\u0448\u043d\u0438\u0439 \u043c\u043e\u043c\u0435\u043d\u0442 \u0432 \u0411\u0435\u043b\u0430\u0440\u0443\u0441\u0438 \u0443\u0436\u0435 \u043c\u043d\u043e\u0433\u043e \u043c\u0435\u0441\u0442, \u0433\u0434\u0435 \u0431\u043b\u0438\u0437\u043a\u0438\u0435 \u0437\u0430\u0432\u0438\u0441\u0438\u043c\u044b\u0445 \u043e\u0442 \u043d\u0430\u0440\u043a\u043e\u0442\u0438\u043a\u043e\u0432 \u043c\u043e\u0433\u0443\u0442 \u043d\u0430\u0439\u0442\u0438 \u043f\u043e\u043c\u043e\u0449\u044c.</p>", "points": "", "category": [1, 2, 3, 4], "link": [1]}}, {"model": "cms.articles", "pk": 2, "fields": {"is_active": true, "title": "\u0412\u0410\u0428 \u0420\u0415\u0411\u0415\u041d\u041e\u041a \u0412\u0415\u0414\u0415\u0422 \u0421\u0415\u0411\u042f \u0421\u0422\u0420\u0410\u041d\u041d\u041e", "picture": 1, "pic_text": null, "text": "p>\u041f\u0440\u0435\u0434\u043f\u043e\u043b\u043e\u0436\u0435\u043d\u0438\u0435, \u0447\u0442\u043e \u0440\u0435\u0431\u0435\u043d\u043e\u043a \u043f\u043e\u0442\u0440\u0435\u0431\u043b\u044f\u0435\u0442 \u043d\u0430\u0440\u043a\u043e\u0442\u0438\u043a\u0438, \u0432\u044b\u0437\u044b\u0432\u0430\u0435\u0442 \u0443 \u0440\u043e\u0434\u0438\u0442\u0435\u043b\u0435\u0439 \u0441\u0438\u043b\u044c\u043d\u044b\u0435 \u043e\u0442\u0440\u0438\u0446\u0430\u0442\u0435\u043b\u044c\u043d\u044b\u0435 \u044d\u043c\u043e\u0446\u0438\u0438, \u0437\u0430 \u043a\u043e\u0442\u043e\u0440\u044b\u043c\u0438 \u043d\u0435\u0440\u0435\u0434\u043a\u043e \u0441\u043b\u0435\u0434\u0443\u044e\u0442 \u0441\u043a\u043e\u0440\u043e\u043f\u0430\u043b\u0438\u0442\u0435\u043b\u044c\u043d\u044b\u0435, \u043d\u0435\u043e\u0431\u0443\u0437\u0434\u0430\u043d\u043d\u044b\u0435 \u0434\u0435\u0439\u0441\u0442\u0432\u0438\u044f. \u041e\u043d\u0438 \u0442\u043e\u043b\u044c\u043a\u043e \u0443\u0441\u0443\u0433\u0443\u0431\u044f\u0442 \u0441\u0438\u0442\u0443\u0430\u0446\u0438\u044e. \u041d\u0435 \u043f\u044b\u0442\u0430\u0439\u0442\u0435\u0441\u044c \u0431\u043e\u0440\u043e\u0442\u044c\u0441\u044f \u0432 \u043e\u0434\u0438\u043d\u043e\u0447\u043a\u0443 - \u043e\u0431\u044b\u0447\u043d\u043e \u044d\u0442\u043e \u0431\u0435\u0441\u043f\u043e\u043b\u0435\u0437\u043d\u043e. \u041e\u0431\u044f\u0437\u0430\u0442\u0435\u043b\u044c\u043d\u043e \u043f\u0440\u043e\u043a\u043e\u043d\u0441\u0443\u043b\u044c\u0442\u0438\u0440\u0443\u0439\u0442\u0435\u0441\u044c \u0441 \u043d\u0430\u0440\u043a\u043e\u043b\u043e\u0433\u043e\u043c.  \u041a\u043e\u043d\u0441\u0443\u043b\u044c\u0442\u0430\u0446\u0438\u044f \u043d\u0438\u0447\u0435\u043c \u043d\u0435 \u0433\u0440\u043e\u0437\u0438\u0442 \u0432\u0430\u0448\u0435\u043c\u0443 \u0440\u0435\u0431\u0435\u043d\u043a\u0443, \u043f\u043e\u0441\u043a\u043e\u043b\u044c\u043a\u0443 \u043c\u043e\u0436\u0435\u0442 \u0431\u044b\u0442\u044c \u0430\u043d\u043e\u043d\u0438\u043c\u043d\u043e\u0439.<a href=\"http://rc-raduga.by/novosti/5-osnovnyh-priznakov-chto-vash-rebenok-prinimaet-narkotiki/\"> \u0415\u0441\u0442\u044c \u043e\u0431\u0449\u0438\u0435 \u043f\u0440\u0438\u0437\u043d\u0430\u043a\u0438 \u0438\u0437\u043c\u0435\u043d\u0435\u043d\u0438\u0439 \u0432 \u043f\u043e\u0432\u0435\u0434\u0435\u043d\u0438\u0438 \u0440\u0435\u0431\u0435\u043d\u043a\u0430, \u043a\u043e\u0442\u043e\u0440\u044b\u0435 \u0441\u0438\u0433\u043d\u0430\u043b\u0438\u0437\u0438\u0440\u0443\u044e\u0442, \u0447\u0442\u043e \u043a \u043d\u0435\u043c\u0443 \u0441\u0442\u043e\u0438\u0442 \u043f\u0440\u0438\u0441\u043c\u043e\u0442\u0440\u0435\u0442\u044c\u0441\u044f \u043f\u043e\u0432\u043d\u0438\u043c\u0430\u0442\u0435\u043b\u044c\u043d\u0435\u0435 </a></p>", "points": "", "category": [4], "link": []}}, {"model": "cms.articles", "pk": 3, "fields": {"is_active": true, "title": "C\u041d\u0418\u0416\u0415\u041d\u0418\u0415 \u0412\u0420\u0415\u0414\u0410", "picture": 1, "pic_text": null, "text": "<p><p>\u0421\u043d\u0438\u0436\u0435\u043d\u0438\u0435 \u0432\u0440\u0435\u0434\u0430 - \u043f\u043e\u0434\u0445\u043e\u0434 \u043a \u043e\u0431\u0449\u0435\u0441\u0442\u0432\u0435\u043d\u043d\u043e\u043c\u0443 \u0437\u0434\u0440\u0430\u0432\u043e\u043e\u0445\u0440\u0430\u043d\u0435\u043d\u0438\u044e, \u043d\u0430\u043f\u0440\u0430\u0432\u043b\u0435\u043d\u043d\u044b\u0439 \u043d\u0430 \u0441\u043e\u043a\u0440\u0430\u0449\u0435\u043d\u0438\u0435 \u043d\u0435\u0433\u0430\u0442\u0438\u0432\u043d\u044b\u0445 \u043f\u043e\u0441\u043b\u0435\u0434\u0441\u0442\u0432\u0438\u0439 \u043e\u0442 \u0443\u043f\u043e\u0442\u0440\u0435\u0431\u043b\u0435\u043d\u0438\u044f \u043d\u0430\u0440\u043a\u043e\u0442\u0438\u043a\u043e\u0432. \u0412 \u0440\u0430\u043c\u043a\u0430\u0445 \u0441\u0442\u0440\u0430\u0442\u0435\u0433\u0438\u0438 \u0441\u043d\u0438\u0436\u0435\u043d\u0438\u044f \u0432\u0440\u0435\u0434\u0430 \u043f\u0440\u0438\u043e\u0440\u0438\u0442\u0435\u0442 \u043e\u0442\u0434\u0430\u0435\u0442\u0441\u044f \u0431\u043e\u043b\u0435\u0435 \u0440\u0435\u0430\u043b\u044c\u043d\u044b\u043c \u0448\u0430\u0433\u0430\u043c \u0438 \u0441\u043f\u043e\u0441\u043e\u0431\u0430\u043c \u0438\u0437\u043c\u0435\u043d\u0435\u043d\u0438\u044f \u043f\u043e\u0432\u0435\u0434\u0435\u043d\u0438\u044f \u0432 \u0441\u0442\u043e\u0440\u043e\u043d\u0443 \u043c\u0435\u043d\u0435\u0435 \u0440\u0438\u0441\u043a\u043e\u0432\u0430\u043d\u043d\u043e\u0433\u043e. \u041f\u043e\u043b\u043d\u044b\u0439 \u043e\u0442\u043a\u0430\u0437 \u043e\u0442 \u0443\u043f\u043e\u0442\u0440\u0435\u0431\u043b\u0435\u043d\u0438\u044f \u043d\u0430\u0440\u043a\u043e\u0442\u0438\u043a\u043e\u0432 \u044f\u0432\u043b\u044f\u0435\u0442\u0441\u044f \u0438\u0434\u0435\u0430\u043b\u044c\u043d\u044b\u043c \u0440\u0435\u0448\u0435\u043d\u0438\u0435\u043c, \u043d\u043e \u043d\u0435 \"\u043f\u043e\u0434\u0445\u043e\u0434\u0438\u0442\" \u0431\u043e\u043b\u044c\u0448\u0438\u043d\u0441\u0442\u0432\u0443 \u043d\u0430\u0440\u043a\u043e\u043f\u043e\u0442\u0440\u0435\u0431\u0438\u0442\u0435\u043b\u0435\u0439. \u0412 \u0442\u043e \u0436\u0435 \u0432\u0440\u0435\u043c\u044f \u0438\u043c\u0435\u043d\u043d\u043e \u043e\u0442\u043a\u0430\u0437 \u043e\u0442 \u0438\u043d\u044a\u0435\u043a\u0446\u0438\u043e\u043d\u043d\u043e\u0433\u043e \u0432\u0432\u0435\u0434\u0435\u043d\u0438\u044f \u043d\u0430\u0440\u043a\u043e\u0442\u0438\u043a\u0430 \u0438\u043b\u0438 \u0438\u0441\u043f\u043e\u043b\u044c\u0437\u043e\u0432\u0430\u043d\u0438\u0435 \u0442\u043e\u043b\u044c\u043a\u043e \u0441\u0432\u043e\u0435\u0433\u043e \u0448\u043f\u0440\u0438\u0446\u0430 - \u044d\u0442\u043e \u0442\u043e\u0442 \u0432\u044b\u0431\u043e\u0440, \u043a\u043e\u0442\u043e\u0440\u044b\u0439 \u0431\u043e\u043b\u0435\u0435 \u043f\u0440\u0438\u0435\u043c\u043b\u0435\u043c \u043b\u044e\u0434\u044f\u043c, \u0443\u043f\u043e\u0442\u0440\u0435\u0431\u043b\u044f\u044e\u0449\u0438\u043c \u043d\u0430\u0440\u043a\u043e\u0442\u0438\u043a\u0438.</p><p>\u0412 \u043d\u0430\u0448\u0435\u0439 \u0441\u0442\u0440\u0430\u043d\u0435 \u0440\u0430\u0431\u043e\u0442\u0430\u044e\u0442 \u0430\u043d\u043e\u043d\u0438\u043c\u043d\u044b\u0435 \u043a\u043e\u043d\u0441\u0443\u043b\u044c\u0442\u0430\u0442\u0438\u0432\u043d\u044b\u0435 \u043f\u0443\u043d\u043a\u0442\u044b (\u0410\u041a\u041f), \u0432 \u0442\u043e\u043c \u0447\u0438\u0441\u043b\u0435 \u0438 \u043c\u043e\u0431\u0438\u043b\u044c\u043d\u044b\u0435 (\u041c\u0410\u041a\u041f) \u0434\u043b\u044f \u043f\u043e\u0442\u0440\u0435\u0431\u0438\u0442\u0435\u043b\u0435\u0439 \u0438\u043d\u044a\u0435\u043a\u0446\u0438\u043e\u043d\u043d\u044b\u0445 \u043d\u0430\u0440\u043a\u043e\u0442\u0438\u043a\u043e\u0432 (\u041f\u0418\u041d). \u0417\u0434\u0435\u0441\u044c \u043c\u043e\u0436\u043d\u043e  \u0410\u041d\u041e\u041d\u0418\u041c\u041d\u041e \u0418 \u0411\u0415\u0421\u041f\u041b\u0410\u0422\u041d\u041e \u043f\u043e\u043b\u0443\u0447\u0438\u0442\u044c \u043f\u043e\u043c\u043e\u0449\u044c:</p><ul><li>\u041e\u0431\u043c\u0435\u043d\u044f\u0442\u044c \u0438\u0441\u043f\u043e\u043b\u044c\u0437\u043e\u0432\u0430\u043d\u043d\u044b\u0435 \u0448\u043f\u0440\u0438\u0446\u044b \u0438 \u0438\u0433\u043b\u044b \u043d\u0430 \u043d\u043e\u0432\u044b\u0435</li><li>\u041f\u043e\u043b\u0443\u0447\u0438\u0442\u044c \u043f\u0440\u0435\u0437\u0435\u0440\u0432\u0430\u0442\u0438\u0432\u044b, \u0441\u043f\u0438\u0440\u0442\u043e\u0432\u044b\u0435 \u0441\u0430\u043b\u0444\u0435\u0442\u043a\u0438, \u0434\u0435\u0437\u0438\u043d\u0444\u0438\u0446\u0438\u0440\u0443\u044e\u0449\u0438\u0435 \u0441\u0440\u0435\u0434\u0441\u0442\u0432\u0430</li><li>\u041f\u0440\u043e\u043a\u043e\u043d\u0441\u0443\u043b\u044c\u0442\u0438\u0440\u043e\u0432\u0430\u0442\u044c\u0441\u044f \u043f\u043e \u043c\u0435\u0434\u0438\u0446\u0438\u043d\u0441\u043a\u0438\u043c \u0438 \u043f\u0441\u0438\u0445\u043e\u043b\u043e\u0433\u0438\u0447\u0435\u0441\u043a\u0438\u043c \u0432\u043e\u043f\u0440\u043e\u0441\u0430\u043c</li><li>\u041f\u0440\u043e\u0439\u0442\u0438 \u044d\u043a\u0441\u043f\u0440\u0435\u0441\u0441-\u0442\u0435\u0441\u0442\u0438\u0440\u043e\u0432\u0430\u043d\u0438\u0435 \u043d\u0430 \u0412\u0418\u0427 \u0438 \u0432\u0438\u0440\u0443\u0441\u043d\u044b\u0435 \u0433\u0435\u043f\u0430\u0442\u0438\u0442\u044b \u0412 \u0438 \u0421</li><li>\u041f\u043e\u043b\u0443\u0447\u0438\u0442\u044c \u0438\u043d\u0444\u043e\u0440\u043c\u0430\u0446\u0438\u044e \u043e \u0434\u043e\u043f\u043e\u043b\u043d\u0438\u0442\u0435\u043b\u044c\u043d\u044b\u0445 \u0443\u0441\u043b\u0443\u0433\u0430\u0445 \u0438 \u043a\u043e\u043d\u0442\u0430\u043a\u0442\u044b \u0434\u0440\u0443\u0433\u0438\u0445 \u0441\u0435\u0440\u0432\u0438\u0441\u043e\u0432 \u0438 \u0441\u043b\u0443\u0436\u0431, \u043f\u043e\u043c\u043e\u0433\u0430\u044e\u0449\u0438\u0445 \u041f\u0418\u041d</li></ul></p>", "points": "", "category": [3], "link": []}}, {"model": "cms.articles", "pk": 4, "fields": {"is_active": true, "title": "\u0414\u0415\u0422\u041e\u041a\u0421\u0418\u041a\u0410\u0426\u0418\u042f", "picture": 1, "pic_text": null, "text": "<p>\u0414\u0435\u0442\u043e\u043a\u0441\u0438\u043a\u0430\u0446\u0438\u044f \u2013 \u043d\u0430\u0447\u0430\u043b\u044c\u043d\u044b\u0439 \u044d\u0442\u0430\u043f \u0440\u0435\u0430\u043b\u044c\u043d\u043e\u0433\u043e \u043b\u0435\u0447\u0435\u043d\u0438\u044f \u043e\u0442 \u043d\u0430\u0440\u043a\u043e\u043c\u0430\u043d\u0438\u0438. \u0414\u043b\u044f \u0440\u043e\u0434\u0441\u0442\u0432\u0435\u043d\u043d\u0438\u043a\u043e\u0432 \u043d\u0430\u0440\u043a\u043e\u0437\u0430\u0432\u0438\u0441\u0438\u043c\u043e\u0433\u043e \u043d\u0430\u0440\u043a\u043e\u0442\u0438\u0447\u0435\u0441\u043a\u0430\u044f \u043b\u043e\u043c\u043a\u0430 \u0447\u0430\u0441\u0442\u043e \u0441\u0442\u0430\u043d\u043e\u0432\u0438\u0442\u0441\u044f \u043f\u0435\u0440\u0432\u044b\u043c \u0442\u0440\u0435\u0432\u043e\u0436\u043d\u044b\u043c \u0441\u0438\u043c\u043f\u0442\u043e\u043c\u043e\u043c, \u0432\u044b\u0437\u044b\u0432\u0430\u044e\u0449\u0438\u043c \u043c\u044b\u0441\u043b\u0438 \u043e \u043d\u0435\u043e\u0431\u0445\u043e\u0434\u0438\u043c\u043e\u0441\u0442\u0438 \u043b\u0435\u0447\u0435\u043d\u0438\u044f. \u041d\u0435\u0435\u0441\u0442\u0435\u0441\u0442\u0432\u0435\u043d\u043d\u044b\u0435 \u0440\u0435\u0430\u043a\u0446\u0438\u0438 \u043e\u0440\u0433\u0430\u043d\u0438\u0437\u043c\u0430 \u0441\u0432\u0438\u0434\u0435\u0442\u0435\u043b\u044c\u0441\u0442\u0432\u0443\u044e\u0442 \u043e \u0433\u043b\u0443\u0431\u043e\u043a\u043e\u043c \u043f\u0440\u043e\u043d\u0438\u043a\u043d\u043e\u0432\u0435\u043d\u0438\u0438 \u043d\u0430\u0440\u043a\u043e\u0442\u0438\u043a\u043e\u0432 \u043d\u0430 \u043a\u043b\u0435\u0442\u043e\u0447\u043d\u044b\u0439 \u0443\u0440\u043e\u0432\u0435\u043d\u044c \u0438 \u0442\u0440\u0435\u0431\u0443\u044e\u0442 \u043d\u0435\u043c\u0435\u0434\u043b\u0435\u043d\u043d\u043e\u0433\u043e \u043c\u0435\u0434\u0438\u0446\u0438\u043d\u0441\u043a\u043e\u0433\u043e \u0432\u043c\u0435\u0448\u0430\u0442\u0435\u043b\u044c\u0441\u0442\u0432\u0430. \u0414\u0435\u0442\u043e\u043a\u0441 \u043f\u0440\u0438 \u043d\u0430\u0440\u043a\u043e\u043c\u0430\u043d\u0438\u0438 \u043f\u0440\u043e\u0432\u043e\u0434\u044f\u0442 \u043d\u0430\u043b\u043e\u043a\u0441\u043e\u043d\u043e\u043c, \u043d\u0430\u043b\u0442\u0440\u0435\u043a\u0441\u043e\u043d\u043e\u043c, \u0430\u0434\u0440\u0435\u043d\u043e\u0431\u043b\u043e\u043a\u0438\u0440\u0430\u0442\u043e\u0440\u0430\u043c\u0438, \u0442\u0440\u0430\u043d\u043a\u0432\u0438\u043b\u0438\u0437\u0430\u0442\u043e\u0440\u0430\u043c\u0438. \u0422\u0430\u043a\u0438\u0435 \u0436\u0435 \u043c\u0435\u0442\u043e\u0434\u044b \u043f\u0440\u0438\u043c\u0435\u043d\u044f\u044e\u0442\u0441\u044f \u0438 \u043f\u0440\u0438 \u043b\u0435\u0447\u0435\u043d\u0438\u0438 \u043e\u0442 \u0441\u043f\u0430\u0439\u0441\u043e\u0432. \u0412\u043e\u043f\u0440\u043e\u0441\u044b \u043a\u0430\u043a \u0441\u043d\u044f\u0442\u044c \u0430\u0431\u0441\u0442\u0438\u043d\u0435\u043d\u0442\u043d\u044b\u0439 \u0441\u0438\u043d\u0434\u0440\u043e\u043c \u0432\u0440\u0430\u0447\u0430\u043c\u0438 \u0443\u0436\u0435 \u0440\u0435\u0448\u0435\u043d\u044b \u0438 \u0434\u043e\u043a\u0430\u0437\u0430\u043b\u0438 \u0441\u0432\u043e\u044e \u044d\u0444\u0444\u0435\u043a\u0442\u0438\u0432\u043d\u043e\u0441\u0442\u044c. \u041d\u043e \u0434\u0435\u0442\u043e\u043a\u0441\u0438\u043a\u0430\u0446\u0438\u044f - \u0442\u043e\u043b\u044c\u043a\u043e \u043f\u0435\u0440\u0432\u044b\u0439 \u044d\u0442\u0430\u043f \u043b\u0435\u0447\u0435\u043d\u0438\u044f, \u0442\u0440\u0435\u0431\u0443\u044e\u0449\u0438\u0439 \u043a\u043e\u043c\u043f\u043b\u0435\u043a\u0441\u043d\u043e\u0433\u043e \u043f\u043e\u0434\u0445\u043e\u0434\u0430 \u043a \u043b\u0435\u0447\u0435\u043d\u0438\u044e \u043d\u0430\u0440\u043a\u043e\u0437\u0430\u0432\u0438\u0441\u0438\u043c\u043e\u0441\u0442\u0438.</p>", "points": "", "category": [1, 2, 3, 4], "link": []}}, {"model": "cms.articles", "pk": 5, "fields": {"is_active": true, "title": "\u0420\u0435\u0430\u0431\u0438\u043b\u0438\u0442\u0430\u0446\u0438\u044f", "picture": 1, "pic_text": null, "text": "<p>\u0420\u0435\u0430\u0431\u0438\u043b\u0438\u0442\u0430\u0446\u0438\u044f \u2013 \u044d\u0442\u043e \u0432\u043e\u0441\u0441\u0442\u0430\u043d\u043e\u0432\u043b\u0435\u043d\u0438\u0435 \u043a\u0430\u043a\u043e\u0433\u043e-\u043b\u0438\u0431\u043e \u0441\u043e\u0441\u0442\u043e\u044f\u043d\u0438\u044f, \u0441\u043f\u043e\u0441\u043e\u0431\u043d\u043e\u0441\u0442\u0435\u0439 \u0438 \u0432\u043e\u0437\u043c\u043e\u0436\u043d\u043e\u0441\u0442\u0435\u0439, \u043a\u043e\u0442\u043e\u0440\u044b\u0435 \u0447\u0435\u043b\u043e\u0432\u0435\u043a \u0438\u043c\u0435\u043b \u0432 \u043f\u0440\u043e\u0448\u043b\u043e\u043c. \u0418\u043d\u044b\u043c\u0438 \u0441\u043b\u043e\u0432\u0430\u043c\u0438, \u044d\u0442\u043e \u0432\u043e\u0437\u0432\u0440\u0430\u0449\u0435\u043d\u0438\u0435 \u043a \u043e\u043f\u0442\u0438\u043c\u0430\u043b\u044c\u043d\u043e\u043c\u0443 \u0441\u043e\u0441\u0442\u043e\u044f\u043d\u0438\u044e, \u043a \u043d\u043e\u0440\u043c\u0430\u043b\u044c\u043d\u043e\u0439 \u0436\u0438\u0437\u043d\u0438. \u0421\u0443\u0449\u0435\u0441\u0442\u0432\u0443\u0435\u0442 \u043c\u043d\u0435\u043d\u0438\u0435, \u0447\u0442\u043e \u043d\u0430\u0440\u043a\u043e\u043c\u0430\u043d\u0438\u044f \u2013 \u043f\u0440\u043e\u0431\u043b\u0435\u043c\u0430 \u043c\u0435\u0434\u0438\u0446\u0438\u043d\u0441\u043a\u0430\u044f, \u043e\u0434\u043d\u0430\u043a\u043e \u0438\u0441\u0441\u043b\u0435\u0434\u043e\u0432\u0430\u043d\u0438\u044f \u044d\u0442\u043e\u0439 \u0437\u0430\u0432\u0438\u0441\u0438\u043c\u043e\u0441\u0442\u0438 \u043f\u043e\u043a\u0430\u0437\u044b\u0432\u0430\u044e\u0442, \u0447\u0442\u043e \u044d\u0442\u043e \u043d\u0435 \u0442\u0430\u043a.</p>\r\n\t\t<p>\u041d\u0430\u0441\u0442\u043e\u044f\u0449\u0430\u044f \u0440\u0435\u0430\u0431\u0438\u043b\u0438\u0442\u0430\u0446\u0438\u044f \u043d\u0430\u0440\u043a\u043e\u043c\u0430\u043d\u043e\u0432 \u0434\u043e\u043b\u0436\u043d\u0430 \u0443\u0447\u0438\u0442\u044b\u0432\u0430\u0442\u044c, \u0447\u0442\u043e \u043d\u0430\u0440\u043a\u043e\u0442\u0438\u0447\u0435\u0441\u043a\u043e\u0435 \u043f\u0440\u0438\u0441\u0442\u0440\u0430\u0441\u0442\u0438\u0435 \u2013 \u043d\u0435 \u0447\u0442\u043e \u0438\u043d\u043e\u0435, \u043a\u0430\u043a \u0431\u0435\u0441\u0441\u0438\u043b\u0438\u0435 \u0447\u0435\u043b\u043e\u0432\u0435\u043a\u0430  \u043f\u0435\u0440\u0435\u0434 \u0436\u0438\u0437\u043d\u0435\u043d\u043d\u044b\u043c\u0438 \u0442\u0440\u0443\u0434\u043d\u043e\u0441\u0442\u044f\u043c\u0438, \u043a\u043e\u0433\u0434\u0430 \u043e\u043d \u043d\u0435 \u0438\u0441\u043f\u043e\u043b\u044c\u0437\u0443\u0435\u0442 \u0432\u0441\u0435 \u0441\u0432\u043e\u0438 \u0441\u043f\u043e\u0441\u043e\u0431\u043d\u043e\u0441\u0442\u0438 \u0434\u043b\u044f \u043f\u0440\u0435\u043e\u0434\u043e\u043b\u0435\u043d\u0438\u044f \u043f\u0440\u043e\u0431\u043b\u0435\u043c \u0438 \u0432\u044b\u0436\u0438\u0432\u0430\u043d\u0438\u044f. \u0415\u0449\u0435 \u043e\u0434\u043d\u0430 \u043f\u0440\u0438\u0447\u0438\u043d\u0430 \u043f\u0440\u0438\u0441\u0442\u0440\u0430\u0441\u0442\u0438\u044f \u043a \u043d\u0430\u0440\u043a\u043e\u0442\u0438\u043a\u0430\u043c \u2013 \u0436\u0435\u043b\u0430\u043d\u0438\u0435 \u0438\u0437\u043c\u0435\u043d\u0438\u0442\u044c \u0447\u0442\u043e-\u043b\u0438\u0431\u043e \u0432 \u0441\u0432\u043e\u0435\u0439 \u0436\u0438\u0437\u043d\u0438. \u0427\u0435\u043b\u043e\u0432\u0435\u043a \u0445\u043e\u0447\u0435\u0442 \u043f\u0440\u0438\u043d\u044f\u0442\u044c \u043d\u0430\u0440\u043a\u043e\u0442\u0438\u043a \u0438 \u0440\u0430\u0441\u0441\u043b\u0430\u0431\u0438\u0442\u044c\u0441\u044f, \u0437\u0430\u0431\u044b\u0442\u044c \u043e \u043f\u0440\u043e\u0431\u043b\u0435\u043c\u0430\u0445. \u041e\u043d \u0434\u0443\u043c\u0430\u0435\u0442, \u0447\u0442\u043e \u043d\u0430\u0440\u043a\u043e\u0442\u0438\u043a\u0438 \u2013 \u044d\u0442\u043e \u0440\u0435\u0448\u0435\u043d\u0438\u0435. \u041d\u043e \u0432 \u043a\u043e\u043d\u0435\u0447\u043d\u043e\u043c \u0438\u0442\u043e\u0433\u0435 \u0438\u043c\u0435\u043d\u043d\u043e \u043d\u0430\u0440\u043a\u043e\u0442\u0438\u043a\u0438 \u0441\u0442\u0430\u043d\u043e\u0432\u044f\u0442\u0441\u044f \u0435\u0449\u0435 \u0431\u043e\u043b\u0435\u0435 \u0441\u0435\u0440\u044c\u0435\u0437\u043d\u043e\u0439 \u043f\u0440\u043e\u0431\u043b\u0435\u043c\u043e\u0439. \u0420\u0435\u0430\u0431\u0438\u043b\u0438\u0442\u0430\u0446\u0438\u044f \u0434\u043e\u043b\u0436\u043d\u0430 \u043f\u043e\u043c\u043e\u0447\u044c \u0447\u0435\u043b\u043e\u0432\u0435\u043a\u0443 \u043f\u043e\u043d\u044f\u0442\u044c \u044d\u0442\u043e, \u0438 \u043e\u0441\u043e\u0437\u043d\u0430\u0442\u044c \u043f\u0440\u0438\u0447\u0438\u043d\u044b, \u043f\u043e \u043a\u043e\u0442\u043e\u0440\u044b\u043c \u043e\u043d \u043f\u043e\u043f\u0430\u043b \u0432 \u0442\u0440\u044f\u0441\u0438\u043d\u0443 \u043d\u0430\u0440\u043a\u043e\u0442\u0438\u0437\u0430\u0446\u0438\u0438.</p>", "points": "", "category": [1, 2, 3, 4, 5], "link": []}}, {"model": "cms.link", "pk": 1, "fields": {"info": "\u0422\u0435\u0441\u0442\u043e\u0432\u0430\u044f \u0441\u0441\u044b\u043b\u043a\u0430 \u043f\u043e\u0434 \u0441\u0442\u0430\u0442\u044c\u0435\u0439", "link": "http://google.com", "title": "\u0421\u0441\u044b\u043b\u043a\u0430 \u043d\u0430 \u0433\u0443\u0433\u043b"}}, {"model": "cms.main_cat", "pk": 1, "fields": {"is_active": true, "header_menu": "down", "slug": "org", "title": "\u0413\u0434\u0435 \u043d\u0430\u0439\u0442\u0438 \u043f\u043e\u043c\u043e\u0448\u044c", "org_widget": true}}, {"model": "cms.main_cat", "pk": 2, "fields": {"is_active": true, "header_menu": "down", "slug": "i-am-codependent", "title": "\u041c\u043e\u0439 \u0431\u043b\u0438\u0437\u043a\u0438\u0439 \u0432 \u043f\u0440\u043e\u0431\u043b\u0435\u043c\u0435", "org_widget": false}}, {"model": "cms.main_cat", "pk": 3, "fields": {"is_active": true, "header_menu": "down", "slug": "depend", "title": "\u042f \u0443\u043f\u043e\u0442\u0440\u0435\u0431\u043b\u044f\u044e", "org_widget": true}}, {"model": "cms.main_cat", "pk": 4, "fields": {"is_active": true, "header_menu": "down", "slug": "i-am-on-remission", "title": "\u042f \u043d\u0430 \u0440\u0435\u043c\u0438\u0441\u0441\u0438\u0438", "org_widget": true}}, {"model": "cms.main_cat", "pk": 5, "fields": {"is_active": true, "header_menu": "up", "slug": "help", "title": "\u041f\u0435\u0440\u0432\u0430\u044f \u043c\u0435\u0434\u0438\u0446\u0438\u043d\u0441\u043a\u0430\u044f \u043f\u043e\u043c\u043e\u0449\u044c", "org_widget": false}}, {"model": "cms.main_cat", "pk": 6, "fields": {"is_active": true, "header_menu": "up", "slug": "relapse", "title": "\u0421\u0440\u044b\u0432", "org_widget": false}}, {"model": "cms.main_cat", "pk": 7, "fields": {"is_active": true, "header_menu": "up", "slug": "hiv-hepatitis", "title": "\u0412\u0418\u0427 \u0438 \u0433\u0435\u043f\u0430\u0442\u0438\u0442", "org_widget": false}}, {"model": "cms.main_cat", "pk": 8, "fields": {"is_active": true, "header_menu": "up", "slug": "legal-info", "title": "\u041f\u0440\u0430\u0432\u043e\u0432\u0430\u044f \u0438\u043d\u0444\u043e\u0440\u043c\u0430\u0446\u0438\u044f", "org_widget": false}}, {"model": "cms.main_cat", "pk": 9, "fields": {"is_active": true, "header_menu": "up", "slug": "news", "title": "\u041d\u043e\u0432\u043e\u0441\u0442\u0438", "org_widget": false}}, {"model": "cms.organizations", "pk": 1, "fields": {"title": "\u041a\u0410\u0411\u0418\u041d\u0415\u0422\u042b \u0423\u0427\u0410\u0421\u0422\u041a\u041e\u0412\u042b\u0425 \u041d\u0410\u0420\u041a\u041e\u041b\u041e\u0413\u041e\u0412, \u0423\u0417 \"\u0413\u041e\u0420\u041e\u0414\u0421\u041a\u041e\u0419 \u041a\u041b\u0418\u041d\u0418\u0427\u0415\u0421\u041a\u0418\u0419 \u041d\u0410\u0420\u041a\u041e\u041b\u041e\u0413\u0418\u0427\u0415\u0421\u041a\u0418\u0419 \u0414\u0418\u0421\u041f\u0410\u041d\u0421\u0415\u0420\", \u0413. \u041c\u0418\u041d\u0421\u041a - POMOGUT.BY", "slug": "kabinety-uchastkovyh-narkologov-uz-gorodskoj-klini", "working_hours": "00-24", "city": 1, "adress": "\u0433. \u041c\u0438\u043d\u0441\u043a, \u0443\u043b. \u0421\u043b\u043e\u0431\u043e\u0434\u0441\u043a\u0430\u044f, 63", "desctiption": "\u0423\u0417 \u00ab\u0413\u043e\u0440\u043e\u0434\u0441\u043a\u043e\u0439 \u043a\u043b\u0438\u043d\u0438\u0447\u0435\u0441\u043a\u0438\u0439 \u043d\u0430\u0440\u043a\u043e\u043b\u043e\u0433\u0438\u0447\u0435\u0441\u043a\u0438\u0439 \u0434\u0438\u0441\u043f\u0430\u043d\u0441\u0435\u0440\u00bb \u0441\u0442\u0430\u043b \u0431\u0430\u0437\u043e\u0439 \u0434\u043b\u044f \u043e\u0442\u0440\u0430\u0431\u043e\u0442\u043a\u0438 \u043c\u043d\u043e\u0433\u0438\u0445 \u043f\u0440\u043e\u0435\u043a\u0442\u043e\u0432, \u0432 \u0442\u043e\u043c \u0447\u0438\u0441\u043b\u0435 \u0438 \u043c\u0435\u0436\u0434\u0443\u043d\u0430\u0440\u043e\u0434\u043d\u044b\u0445 \u043e\u0431\u0440\u0430\u0437\u043e\u0432\u0430\u0442\u0435\u043b\u044c\u043d\u044b\u0445 \u043f\u0440\u043e\u0435\u043a\u0442\u043e\u0432 \u043f\u043e \u043f\u0440\u043e\u0444\u0438\u043b\u0430\u043a\u0442\u0438\u043a\u0435 \u043d\u0430\u0440\u043a\u043e\u043c\u0430\u043d\u0438\u0438. \u0412 \u0434\u0438\u0441\u043f\u0430\u043d\u0441\u0435\u0440\u0435 \u0441\u043e\u0437\u0434\u0430\u043d\u0430 \u0440\u0435\u0430\u0431\u0438\u043b\u0438\u0442\u0430\u0446\u0438\u043e\u043d\u043d\u0430\u044f \u043f\u0441\u0438\u0445\u043e\u043b\u043e\u0433\u0438\u0447\u0435\u0441\u043a\u0430\u044f \u0441\u0442\u0430\u0446\u0438\u043e\u043d\u0430\u0440\u043d\u0430\u044f \u043f\u0440\u043e\u0433\u0440\u0430\u043c\u043c\u0430, \u043a\u043e\u0442\u043e\u0440\u0430\u044f \u0432\u043d\u0435\u0434\u0440\u0435\u043d\u0430 \u0432 \u043f\u043e\u0432\u0441\u0435\u0434\u043d\u0435\u0432\u043d\u0443\u044e \u043f\u0440\u0430\u043a\u0442\u0438\u043a\u0443 \u043d\u0430 \u0431\u0430\u0437\u0435 \u043d\u043e\u0432\u043e\u0433\u043e \u0444\u0438\u043b\u0438\u0430\u043b\u0430 \u0423\u0417 \u00ab\u0413\u043e\u0440\u043e\u0434\u0441\u043a\u043e\u0439 \u043a\u043b\u0438\u043d\u0438\u0447\u0435\u0441\u043a\u0438\u0439 \u043d\u0430\u0440\u043a\u043e\u043b\u043e\u0433\u0438\u0447\u0435\u0441\u043a\u0438\u0439 \u0434\u0438\u0441\u043f\u0430\u043d\u0441\u0435\u0440\u00bb. \u041b\u0435\u0447\u0435\u043d\u0438\u0435 \u0438 \u0440\u0435\u0430\u0431\u0438\u043b\u0438\u0442\u0430\u0446\u0438\u044e \u043d\u0435\u0441\u043e\u0432\u0435\u0440\u0448\u0435\u043d\u043d\u043e\u043b\u0435\u0442\u043d\u0438\u0445 \u043f\u0430\u0446\u0438\u0435\u043d\u0442\u043e\u0432 \u043e\u0441\u0443\u0449\u0435\u0441\u0442\u0432\u043b\u044f\u0435\u0442 \u043c\u0443\u043b\u044c\u0442\u0438\u0434\u0438\u0441\u0446\u0438\u043f\u043b\u0438\u043d\u0430\u0440\u043d\u0430\u044f \u0431\u0440\u0438\u0433\u0430\u0434\u0430 (\u043f\u043e\u0434\u0440\u043e\u0441\u0442\u043a\u043e\u0432\u044b\u0439 \u043d\u0430\u0440\u043a\u043e\u043b\u043e\u0433, \u043f\u043e\u0434\u0440\u043e\u0441\u0442\u043a\u043e\u0432\u044b\u0439 \u043f\u0441\u0438\u0445\u043e\u043b\u043e\u0433 \u0438 \u043f\u0441\u0438\u0445\u043e\u0442\u0435\u0440\u0430\u043f\u0435\u0432\u0442). \u0421\u043e\u0442\u0440\u0443\u0434\u043d\u0438\u043a\u0438 \u0434\u0438\u0441\u043f\u0430\u043d\u0441\u0435\u0440\u0430 \u043f\u043e \u0432\u043e\u043f\u0440\u043e\u0441\u0430\u043c \u043f\u0440\u043e\u0444\u0438\u043b\u0430\u043a\u0442\u0438\u043a\u0438 \u0437\u0430\u0432\u0438\u0441\u0438\u043c\u043e\u0441\u0442\u0435\u0439 \u043e\u0442 \u0430\u043b\u043a\u043e\u0433\u043e\u043b\u044f, \u043d\u0430\u0440\u043a\u043e\u0442\u0438\u043a\u043e\u0432 \u0438 \u0434\u0440\u0443\u0433\u0438\u0445 \u043f\u0441\u0438\u0445\u043e\u0430\u043a\u0442\u0438\u0432\u043d\u044b\u0445 \u0432\u0435\u0449\u0435\u0441\u0442\u0432 \u0441\u043e\u0442\u0440\u0443\u0434\u043d\u0438\u0447\u0430\u044e\u0442 \u043a\u0430\u043a \u0441 \u0433\u043e\u0441\u0443\u0434\u0430\u0440\u0441\u0442\u0432\u0435\u043d\u043d\u044b\u043c\u0438 \u043e\u0440\u0433\u0430\u043d\u0430\u043c\u0438 \u0438 \u0432\u0435\u0434\u043e\u043c\u0441\u0442\u0432\u0430\u043c\u0438, \u0442\u0430\u043a \u0438 \u0441 \u043e\u0431\u0449\u0435\u0441\u0442\u0432\u0435\u043d\u043d\u044b\u043c\u0438 \u043e\u0440\u0433\u0430\u043d\u0438\u0437\u0430\u0446\u0438\u044f\u043c\u0438; \u0430\u043a\u0442\u0438\u0432\u043d\u043e \u043f\u0440\u043e\u0432\u043e\u0434\u044f\u0442 \u0430\u043d\u0442\u0438\u0430\u043b\u043a\u043e\u0433\u043e\u043b\u044c\u043d\u0443\u044e, \u0430\u043d\u0442\u0438\u043d\u0430\u0440\u043a\u043e\u0442\u0438\u0447\u0435\u0441\u043a\u0443\u044e \u043f\u0440\u043e\u043f\u0430\u0433\u0430\u043d\u0434\u0443 \u0438 \u043f\u0440\u043e\u043f\u0430\u0433\u0430\u043d\u0434\u0443 \u0437\u0434\u043e\u0440\u043e\u0432\u043e\u0433\u043e \u043e\u0431\u0440\u0430\u0437\u0430 \u0436\u0438\u0437\u043d\u0438 \u0441\u0440\u0435\u0434\u0438 \u0440\u0430\u0437\u043b\u0438\u0447\u043d\u044b\u0445 \u0433\u0440\u0443\u043f\u043f \u043d\u0430\u0441\u0435\u043b\u0435\u043d\u0438\u044f, \u0432\u044b\u0441\u0442\u0443\u043f\u0430\u044e\u0442 \u0432 \u0441\u0440\u0435\u0434\u0441\u0442\u0432\u0430\u0445 \u043c\u0430\u0441\u0441\u043e\u0432\u043e\u0439 \u0438\u043d\u0444\u043e\u0440\u043c\u0430\u0446\u0438\u0438 \u043f\u043e \u0432\u043e\u043f\u0440\u043e\u0441\u0430\u043c \u043f\u0440\u043e\u0444\u0438\u043b\u0430\u043a\u0442\u0438\u043a\u0438 \u0430\u043b\u043a\u043e\u0433\u043e\u043b\u0438\u0437\u043c\u0430, \u043d\u0430\u0440\u043a\u043e\u043c\u0430\u043d\u0438\u0438, \u0442\u043e\u043a\u0441\u0438\u043a\u043e\u043c\u0430\u043d\u0438\u0438 \u0438 \u0442\u0430\u0431\u0430\u043a\u043e\u043a\u0443\u0440\u0435\u043d\u0438\u044f.", "tel1": "+123456789", "tel2": null, "tel3": null, "website": "https://pomogut.by/", "email": null}}, {"model": "cms.organizations", "pk": 2, "fields": {"title": "\u00ab\u0410\u041d\u041e\u041d\u0418\u041c\u041d\u042b\u0415 \u041d\u0410\u0420\u041a\u041e\u041c\u0410\u041d\u042b\u00bb", "slug": "anonimnye-narkomany", "working_hours": "00-22", "city": 2, "adress": "\u0433. \u0421\u043b\u0443\u0446\u043a, \u0443\u043b. \u0417\u0435\u043b\u0435\u043d\u0430\u044f, 78", "desctiption": "Some text", "tel1": null, "tel2": null, "tel3": null, "website": null, "email": null}}, {"model": "cms.city", "pk": 1, "fields": {"title": "\u041c\u0438\u043d\u0441\u043a"}}, {"model": "cms.city", "pk": 2, "fields": {"title": "\u0421\u043b\u0443\u0446\u043a"}}, {"model": "cms.organizationservices", "pk": 1, "fields": {"organization": 1, "org_type": 3, "stuff": 2, "conf": 2, "payment": 2}}, {"model": "cms.organizationservices", "pk": 2, "fields": {"organization": 1, "org_type": 2, "stuff": 1, "conf": 1, "payment": 1}}, {"model": "cms.organizationservices", "pk": 3, "fields": {"organization": 2, "org_type": 3, "stuff": 2, "conf": 1, "payment": 2}}, {"model": "cms.servicestype", "pk": 1, "fields": {"title": "\u041e\u0431\u043c\u0435\u043d \u0448\u043f\u0440\u0438\u0446\u0435\u0432"}}, {"model": "cms.servicestype", "pk": 2, "fields": {"title": "\u0414\u0435\u0442\u043e\u043a\u0441\u0438\u043a\u0430\u0446\u0438\u044f"}}, {"model": "cms.servicestype", "pk": 3, "fields": {"title": "\u041a\u043e\u043d\u0441\u0443\u043b\u044c\u0442\u0430\u0446\u0438\u044f \u043f\u0441\u0438\u0445\u043e\u043b\u043e\u0433\u0430"}}, {"model": "cms.servicesstuff", "pk": 1, "fields": {"title": "\u041e\u043f\u0438\u043e\u0438\u0434\u044b"}}, {"model": "cms.servicesstuff", "pk": 2, "fields": {"title": "\u041f\u0441\u0438\u0445\u043e\u0442\u043e\u0440\u043e\u043f\u044b"}}, {"model": "cms.servicesconf", "pk": 1, "fields": {"title": "\u0410\u043d\u043e\u043d\u0438\u043c\u043d\u043e"}}, {"model": "cms.servicesconf", "pk": 2, "fields": {"title": "\u041f\u043e\u0441\u0442\u0430\u043d\u043e\u0432\u043a\u0430 \u043d\u0430 \u0443\u0447\u0435\u0442"}}, {"model": "cms.servicespayment", "pk": 1, "fields": {"title": "\u041f\u043b\u0430\u0442\u043d\u043e"}}, {"model": "cms.servicespayment", "pk": 2, "fields": {"title": "\u0411\u0435\u0441\u043f\u043b\u0430\u0442\u043d\u043e"}}, {"model": "cms.pagetype", "pk": 1, "fields": {"type": "\u041d\u043e\u0432\u043e\u0441\u0442\u044c"}}, {"model": "contenttypes.contenttype", "pk": 1, "fields": {"app_label": "page", "model": "page"}}, {"model": "contenttypes.contenttype", "pk": 2, "fields": {"app_label": "page", "model": "richtextcontent"}}, {"model": "contenttypes.contenttype", "pk": 3, "fields": {"app_label": "page", "model": "mediafilecontent"}}, {"model": "contenttypes.contenttype", "pk": 4, "fields": {"app_label": "medialibrary", "model": "category"}}, {"model": "contenttypes.contenttype", "pk": 5, "fields": {"app_label": "medialibrary", "model": "mediafile"}}, {"model": "contenttypes.contenttype", "pk": 6, "fields": {"app_label": "medialibrary", "model": "mediafiletranslation"}}, {"model": "contenttypes.contenttype", "pk": 7, "fields": {"app_label": "cms", "model": "articles"}}, {"model": "contenttypes.contenttype", "pk": 8, "fields": {"app_label": "cms", "model": "block"}}, {"model": "contenttypes.contenttype", "pk": 19, "fields": {"app_label": "admin", "model": "logentry"}}, {"model": "contenttypes.contenttype", "pk": 20, "fields": {"app_label": "auth", "model": "permission"}}, {"model": "contenttypes.contenttype", "pk": 21, "fields": {"app_label": "auth", "model": "group"}}, {"model": "contenttypes.contenttype", "pk": 22, "fields": {"app_label": "auth", "model": "user"}}, {"model": "contenttypes.contenttype", "pk": 23, "fields": {"app_label": "contenttypes", "model": "contenttype"}}, {"model": "contenttypes.contenttype", "pk": 24, "fields": {"app_label": "sessions", "model": "session"}}, {"model": "sessions.session", "pk": "lwe8yk3lkzllazt9zzbwemvk766keyl4", "fields": {"session_data": "MmU2ODM2OGM0ZmI0MWEzOTk3OGY4MGE2ODYxYzNmN2ZlMmMxMjE0MTp7Il9hdXRoX3VzZXJfaWQiOiIxIiwiX2F1dGhfdXNlcl9iYWNrZW5kIjoiZGphbmdvLmNvbnRyaWIuYXV0aC5iYWNrZW5kcy5Nb2RlbEJhY2tlbmQiLCJfYXV0aF91c2VyX2hhc2giOiJkN2RjOTNlY2YxN2ZmOTBkOWEwNjRkY2Q1YzQzMzIyZjE5YzVlZDYzIn0=", "expire_date": "2020-09-12T08:21:34.277Z"}}, {"model": "auth.permission", "pk": 1, "fields": {"name": "Can add page", "content_type": 1, "codename": "add_page"}}, {"model": "auth.permission", "pk": 2, "fields": {"name": "Can change page", "content_type": 1, "codename": "change_page"}}, {"model": "auth.permission", "pk": 3, "fields": {"name": "Can delete page", "content_type": 1, "codename": "delete_page"}}, {"model": "auth.permission", "pk": 4, "fields": {"name": "Can view page", "content_type": 1, "codename": "view_page"}}, {"model": "auth.permission", "pk": 5, "fields": {"name": "Can add rich text", "content_type": 2, "codename": "add_richtextcontent"}}, {"model": "auth.permission", "pk": 6, "fields": {"name": "Can change rich text", "content_type": 2, "codename": "change_richtextcontent"}}, {"model": "auth.permission", "pk": 7, "fields": {"name": "Can delete rich text", "content_type": 2, "codename": "delete_richtextcontent"}}, {"model": "auth.permission", "pk": 8, "fields": {"name": "Can view rich text", "content_type": 2, "codename": "view_richtextcontent"}}, {"model": "auth.permission", "pk": 9, "fields": {"name": "Can add media file", "content_type": 3, "codename": "add_mediafilecontent"}}, {"model": "auth.permission", "pk": 10, "fields": {"name": "Can change media file", "content_type": 3, "codename": "change_mediafilecontent"}}, {"model": "auth.permission", "pk": 11, "fields": {"name": "Can delete media file", "content_type": 3, "codename": "delete_mediafilecontent"}}, {"model": "auth.permission", "pk": 12, "fields": {"name": "Can view media file", "content_type": 3, "codename": "view_mediafilecontent"}}, {"model": "auth.permission", "pk": 13, "fields": {"name": "Can add category", "content_type": 4, "codename": "add_category"}}, {"model": "auth.permission", "pk": 14, "fields": {"name": "Can change category", "content_type": 4, "codename": "change_category"}}, {"model": "auth.permission", "pk": 15, "fields": {"name": "Can delete category", "content_type": 4, "codename": "delete_category"}}, {"model": "auth.permission", "pk": 16, "fields": {"name": "Can view category", "content_type": 4, "codename": "view_category"}}, {"model": "auth.permission", "pk": 17, "fields": {"name": "Can add media file", "content_type": 5, "codename": "add_mediafile"}}, {"model": "auth.permission", "pk": 18, "fields": {"name": "Can change media file", "content_type": 5, "codename": "change_mediafile"}}, {"model": "auth.permission", "pk": 19, "fields": {"name": "Can delete media file", "content_type": 5, "codename": "delete_mediafile"}}, {"model": "auth.permission", "pk": 20, "fields": {"name": "Can view media file", "content_type": 5, "codename": "view_mediafile"}}, {"model": "auth.permission", "pk": 21, "fields": {"name": "Can add media file translation", "content_type": 6, "codename": "add_mediafiletranslation"}}, {"model": "auth.permission", "pk": 22, "fields": {"name": "Can change media file translation", "content_type": 6, "codename": "change_mediafiletranslation"}}, {"model": "auth.permission", "pk": 23, "fields": {"name": "Can delete media file translation", "content_type": 6, "codename": "delete_mediafiletranslation"}}, {"model": "auth.permission", "pk": 24, "fields": {"name": "Can view media file translation", "content_type": 6, "codename": "view_mediafiletranslation"}}, {"model": "auth.permission", "pk": 25, "fields": {"name": "Can add \u0421\u0442\u0430\u0442\u044c\u044f", "content_type": 7, "codename": "add_articles"}}, {"model": "auth.permission", "pk": 26, "fields": {"name": "Can change \u0421\u0442\u0430\u0442\u044c\u044f", "content_type": 7, "codename": "change_articles"}}, {"model": "auth.permission", "pk": 27, "fields": {"name": "Can delete \u0421\u0442\u0430\u0442\u044c\u044f", "content_type": 7, "codename": "delete_articles"}}, {"model": "auth.permission", "pk": 28, "fields": {"name": "Can view \u0421\u0442\u0430\u0442\u044c\u044f", "content_type": 7, "codename": "view_articles"}}, {"model": "auth.permission", "pk": 29, "fields": {"name": "Can add block", "content_type": 8, "codename": "add_block"}}, {"model": "auth.permission", "pk": 30, "fields": {"name": "Can change block", "content_type": 8, "codename": "change_block"}}, {"model": "auth.permission", "pk": 31, "fields": {"name": "Can delete block", "content_type": 8, "codename": "delete_block"}}, {"model": "auth.permission", "pk": 32, "fields": {"name": "Can view block", "content_type": 8, "codename": "view_block"}}, {"model": "auth.permission", "pk": 33, "fields": {"name": "Can add \u0421\u0441\u044b\u043b\u043a\u0430", "content_type": 9, "codename": "add_link"}}, {"model": "auth.permission", "pk": 34, "fields": {"name": "Can change \u0421\u0441\u044b\u043b\u043a\u0430", "content_type": 9, "codename": "change_link"}}, {"model": "auth.permission", "pk": 35, "fields": {"name": "Can delete \u0421\u0441\u044b\u043b\u043a\u0430", "content_type": 9, "codename": "delete_link"}}, {"model": "auth.permission", "pk": 36, "fields": {"name": "Can view \u0421\u0441\u044b\u043b\u043a\u0430", "content_type": 9, "codename": "view_link"}}, {"model": "auth.permission", "pk": 37, "fields": {"name": "Can add \u0413\u043b\u0430\u0432\u043d\u044b\u0435 \u043a\u0430\u0442\u0435\u0433\u043e\u0440\u0438\u0438", "content_type": 10, "codename": "add_main_cat"}}, {"model": "auth.permission", "pk": 38, "fields": {"name": "Can change \u0413\u043b\u0430\u0432\u043d\u044b\u0435 \u043a\u0430\u0442\u0435\u0433\u043e\u0440\u0438\u0438", "content_type": 10, "codename": "change_main_cat"}}, {"model": "auth.permission", "pk": 39, "fields": {"name": "Can delete \u0413\u043b\u0430\u0432\u043d\u044b\u0435 \u043a\u0430\u0442\u0435\u0433\u043e\u0440\u0438\u0438", "content_type": 10, "codename": "delete_main_cat"}}, {"model": "auth.permission", "pk": 40, "fields": {"name": "Can view \u0413\u043b\u0430\u0432\u043d\u044b\u0435 \u043a\u0430\u0442\u0435\u0433\u043e\u0440\u0438\u0438", "content_type": 10, "codename": "view_main_cat"}}, {"model": "auth.permission", "pk": 41, "fields": {"name": "Can add \u041e\u0440\u0433\u0430\u043d\u0438\u0437\u0430\u0446\u0438\u044f", "content_type": 11, "codename": "add_organizations"}}, {"model": "auth.permission", "pk": 42, "fields": {"name": "Can change \u041e\u0440\u0433\u0430\u043d\u0438\u0437\u0430\u0446\u0438\u044f", "content_type": 11, "codename": "change_organizations"}}, {"model": "auth.permission", "pk": 43, "fields": {"name": "Can delete \u041e\u0440\u0433\u0430\u043d\u0438\u0437\u0430\u0446\u0438\u044f", "content_type": 11, "codename": "delete_organizations"}}, {"model": "auth.permission", "pk": 44, "fields": {"name": "Can view \u041e\u0440\u0433\u0430\u043d\u0438\u0437\u0430\u0446\u0438\u044f", "content_type": 11, "codename": "view_organizations"}}, {"model": "auth.permission", "pk": 45, "fields": {"name": "Can add city", "content_type": 12, "codename": "add_city"}}, {"model": "auth.permission", "pk": 46, "fields": {"name": "Can change city", "content_type": 12, "codename": "change_city"}}, {"model": "auth.permission", "pk": 47, "fields": {"name": "Can delete city", "content_type": 12, "codename": "delete_city"}}, {"model": "auth.permission", "pk": 48, "fields": {"name": "Can view city", "content_type": 12, "codename": "view_city"}}, {"model": "auth.permission", "pk": 49, "fields": {"name": "Can add \u041a\u043e\u043d\u0444\u0438\u0434\u0435\u043d\u0446\u0438\u0430\u043b\u044c\u043d\u043e\u0441\u044c", "content_type": 13, "codename": "add_servicesconf"}}, {"model": "auth.permission", "pk": 50, "fields": {"name": "Can change \u041a\u043e\u043d\u0444\u0438\u0434\u0435\u043d\u0446\u0438\u0430\u043b\u044c\u043d\u043e\u0441\u044c", "content_type": 13, "codename": "change_servicesconf"}}, {"model": "auth.permission", "pk": 51, "fields": {"name": "Can delete \u041a\u043e\u043d\u0444\u0438\u0434\u0435\u043d\u0446\u0438\u0430\u043b\u044c\u043d\u043e\u0441\u044c", "content_type": 13, "codename": "delete_servicesconf"}}, {"model": "auth.permission", "pk": 52, "fields": {"name": "Can view \u041a\u043e\u043d\u0444\u0438\u0434\u0435\u043d\u0446\u0438\u0430\u043b\u044c\u043d\u043e\u0441\u044c", "content_type": 13, "codename": "view_servicesconf"}}, {"model": "auth.permission", "pk": 53, "fields": {"name": "Can add \u041e\u043f\u043b\u0430\u0442\u0430 \u0443\u0441\u043b\u0443\u0433", "content_type": 14, "codename": "add_servicespayment"}}, {"model": "auth.permission", "pk": 54, "fields": {"name": "Can change \u041e\u043f\u043b\u0430\u0442\u0430 \u0443\u0441\u043b\u0443\u0433", "content_type": 14, "codename": "change_servicespayment"}}, {"model": "auth.permission", "pk": 55, "fields": {"name": "Can delete \u041e\u043f\u043b\u0430\u0442\u0430 \u0443\u0441\u043b\u0443\u0433", "content_type": 14, "codename": "delete_servicespayment"}}, {"model": "auth.permission", "pk": 56, "fields": {"name": "Can view \u041e\u043f\u043b\u0430\u0442\u0430 \u0443\u0441\u043b\u0443\u0433", "content_type": 14, "codename": "view_servicespayment"}}, {"model": "auth.permission", "pk": 57, "fields": {"name": "Can add \u0412\u0435\u0449\u0435\u0441\u0442\u0432\u043e", "content_type": 15, "codename": "add_servicesstuff"}}, {"model": "auth.permission", "pk": 58, "fields": {"name": "Can change \u0412\u0435\u0449\u0435\u0441\u0442\u0432\u043e", "content_type": 15, "codename": "change_servicesstuff"}}, {"model": "auth.permission", "pk": 59, "fields": {"name": "Can delete \u0412\u0435\u0449\u0435\u0441\u0442\u0432\u043e", "content_type": 15, "codename": "delete_servicesstuff"}}, {"model": "auth.permission", "pk": 60, "fields": {"name": "Can view \u0412\u0435\u0449\u0435\u0441\u0442\u0432\u043e", "content_type": 15, "codename": "view_servicesstuff"}}, {"model": "auth.permission", "pk": 61, "fields": {"name": "Can add \u0412\u0438\u0434 \u0434\u0435\u044f\u0442\u0435\u043b\u044c\u043d\u043e\u0441\u0442\u0438", "content_type": 16, "codename": "add_servicestype"}}, {"model": "auth.permission", "pk": 62, "fields": {"name": "Can change \u0412\u0438\u0434 \u0434\u0435\u044f\u0442\u0435\u043b\u044c\u043d\u043e\u0441\u0442\u0438", "content_type": 16, "codename": "change_servicestype"}}, {"model": "auth.permission", "pk": 63, "fields": {"name": "Can delete \u0412\u0438\u0434 \u0434\u0435\u044f\u0442\u0435\u043b\u044c\u043d\u043e\u0441\u0442\u0438", "content_type": 16, "codename": "delete_servicestype"}}, {"model": "auth.permission", "pk": 64, "fields": {"name": "Can view \u0412\u0438\u0434 \u0434\u0435\u044f\u0442\u0435\u043b\u044c\u043d\u043e\u0441\u0442\u0438", "content_type": 16, "codename": "view_servicestype"}}, {"model": "auth.permission", "pk": 65, "fields": {"name": "Can add organization services", "content_type": 17, "codename": "add_organizationservices"}}, {"model": "auth.permission", "pk": 66, "fields": {"name": "Can change organization services", "content_type": 17, "codename": "change_organizationservices"}}, {"model": "auth.permission", "pk": 67, "fields": {"name": "Can delete organization services", "content_type": 17, "codename": "delete_organizationservices"}}, {"model": "auth.permission", "pk": 68, "fields": {"name": "Can view organization services", "content_type": 17, "codename": "view_organizationservices"}}, {"model": "auth.permission", "pk": 69, "fields": {"name": "Can add \u0422\u0438\u043f \u0441\u0442\u0430\u0442\u044c\u0438", "content_type": 18, "codename": "add_pagetype"}}, {"model": "auth.permission", "pk": 70, "fields": {"name": "Can change \u0422\u0438\u043f \u0441\u0442\u0430\u0442\u044c\u0438", "content_type": 18, "codename": "change_pagetype"}}, {"model": "auth.permission", "pk": 71, "fields": {"name": "Can delete \u0422\u0438\u043f \u0441\u0442\u0430\u0442\u044c\u0438", "content_type": 18, "codename": "delete_pagetype"}}, {"model": "auth.permission", "pk": 72, "fields": {"name": "Can view \u0422\u0438\u043f \u0441\u0442\u0430\u0442\u044c\u0438", "content_type": 18, "codename": "view_pagetype"}}, {"model": "auth.permission", "pk": 73, "fields": {"name": "Can add log entry", "content_type": 19, "codename": "add_logentry"}}, {"model": "auth.permission", "pk": 74, "fields": {"name": "Can change log entry", "content_type": 19, "codename": "change_logentry"}}, {"model": "auth.permission", "pk": 75, "fields": {"name": "Can delete log entry", "content_type": 19, "codename": "delete_logentry"}}, {"model": "auth.permission", "pk": 76, "fields": {"name": "Can view log entry", "content_type": 19, "codename": "view_logentry"}}, {"model": "auth.permission", "pk": 77, "fields": {"name": "Can add permission", "content_type": 20, "codename": "add_permission"}}, {"model": "auth.permission", "pk": 78, "fields": {"name": "Can change permission", "content_type": 20, "codename": "change_permission"}}, {"model": "auth.permission", "pk": 79, "fields": {"name": "Can delete permission", "content_type": 20, "codename": "delete_permission"}}, {"model": "auth.permission", "pk": 80, "fields": {"name": "Can view permission", "content_type": 20, "codename": "view_permission"}}, {"model": "auth.permission", "pk": 81, "fields": {"name": "Can add group", "content_type": 21, "codename": "add_group"}}, {"model": "auth.permission", "pk": 82, "fields": {"name": "Can change group", "content_type": 21, "codename": "change_group"}}, {"model": "auth.permission", "pk": 83, "fields": {"name": "Can delete group", "content_type": 21, "codename": "delete_group"}}, {"model": "auth.permission", "pk": 84, "fields": {"name": "Can view group", "content_type": 21, "codename": "view_group"}}, {"model": "auth.permission", "pk": 85, "fields": {"name": "Can add user", "content_type": 22, "codename": "add_user"}}, {"model": "auth.permission", "pk": 86, "fields": {"name": "Can change user", "content_type": 22, "codename": "change_user"}}, {"model": "auth.permission", "pk": 87, "fields": {"name": "Can delete user", "content_type": 22, "codename": "delete_user"}}, {"model": "auth.permission", "pk": 88, "fields": {"name": "Can view user", "content_type": 22, "codename": "view_user"}}, {"model": "auth.permission", "pk": 89, "fields": {"name": "Can add content type", "content_type": 23, "codename": "add_contenttype"}}, {"model": "auth.permission", "pk": 90, "fields": {"name": "Can change content type", "content_type": 23, "codename": "change_contenttype"}}, {"model": "auth.permission", "pk": 91, "fields": {"name": "Can delete content type", "content_type": 23, "codename": "delete_contenttype"}}, {"model": "auth.permission", "pk": 92, "fields": {"name": "Can view content type", "content_type": 23, "codename": "view_contenttype"}}, {"model": "auth.permission", "pk": 93, "fields": {"name": "Can add session", "content_type": 24, "codename": "add_session"}}, {"model": "auth.permission", "pk": 94, "fields": {"name": "Can change session", "content_type": 24, "codename": "change_session"}}, {"model": "auth.permission", "pk": 95, "fields": {"name": "Can delete session", "content_type": 24, "codename": "delete_session"}}, {"model": "auth.permission", "pk": 96, "fields": {"name": "Can view session", "content_type": 24, "codename": "view_session"}}, {"model": "auth.user", "pk": 1, "fields": {"password": "pbkdf2_sha256$180000$WmzLwIKZQDGf$w/zOn70Gz9NBB8Kmm4Kkv8BHgawcwF6w9AQZu6Qii8I=", "last_login": "2020-08-29T08:21:34.173Z", "is_superuser": true, "username": "admin", "first_name": "", "last_name": "", "email": "", "is_staff": true, "is_active": true, "date_joined": "2020-08-29T08:21:10.803Z", "groups": [], "user_permissions": []}}, {"model": "admin.logentry", "pk": 1, "fields": {"action_time": "2020-08-29T08:24:46.183Z", "user": 1, "content_type": 10, "object_id": "1", "object_repr": "\u0413\u0434\u0435 \u043d\u0430\u0439\u0442\u0438 \u043f\u043e\u043c\u043e\u0448\u044c", "action_flag": 1, "change_message": "[{\"added\": {}}]"}}, {"model": "admin.logentry", "pk": 2, "fields": {"action_time": "2020-08-29T08:25:08.344Z", "user": 1, "content_type": 5, "object_id": "1", "object_repr": "pustynya_sahara_2_bk3OEFJ.jpg", "action_flag": 1, "change_message": "[{\"added\": {}}]"}}, {"model": "admin.logentry", "pk": 3, "fields": {"action_time": "2020-08-29T08:25:55.635Z", "user": 1, "content_type": 7, "object_id": "1", "object_repr": "\u042f - \u0421\u041e\u0417\u0410\u0412\u0418\u0421\u0418\u041c\u042b\u0419", "action_flag": 1, "change_message": "[{\"added\": {}}]"}}, {"model": "admin.logentry", "pk": 4, "fields": {"action_time": "2020-08-29T08:28:12.663Z", "user": 1, "content_type": 7, "object_id": "2", "object_repr": "\u0412\u0410\u0428 \u0420\u0415\u0411\u0415\u041d\u041e\u041a \u0412\u0415\u0414\u0415\u0422 \u0421\u0415\u0411\u042f \u0421\u0422\u0420\u0410\u041d\u041d\u041e", "action_flag": 1, "change_message": "[{\"added\": {}}]"}}, {"model": "admin.logentry", "pk": 5, "fields": {"action_time": "2020-08-29T08:28:37.968Z", "user": 1, "content_type": 7, "object_id": "3", "object_repr": "C\u041d\u0418\u0416\u0415\u041d\u0418\u0415 \u0412\u0420\u0415\u0414\u0410", "action_flag": 1, "change_message": "[{\"added\": {}}]"}}, {"model": "admin.logentry", "pk": 6, "fields": {"action_time": "2020-08-29T08:29:24.077Z", "user": 1, "content_type": 7, "object_id": "4", "object_repr": "\u0414\u0415\u0422\u041e\u041a\u0421\u0418\u041a\u0410\u0426\u0418\u042f", "action_flag": 1, "change_message": "[{\"added\": {}}]"}}, {"model": "admin.logentry", "pk": 7, "fields": {"action_time": "2020-08-29T08:29:41.619Z", "user": 1, "content_type": 7, "object_id": "5", "object_repr": "\u0420\u0435\u0430\u0431\u0438\u043b\u0438\u0442\u0430\u0446\u0438\u044f", "action_flag": 1, "change_message": "[{\"added\": {}}]"}}, {"model": "admin.logentry", "pk": 8, "fields": {"action_time": "2020-08-29T08:31:00.516Z", "user": 1, "content_type": 10, "object_id": "2", "object_repr": "\u041c\u043e\u0439 \u0431\u043b\u0438\u0437\u043a\u0438\u0439 \u0432 \u043f\u0440\u043e\u0431\u043b\u0435\u043c\u0435", "action_flag": 1, "change_message": "[{\"added\": {}}]"}}, {"model": "admin.logentry", "pk": 9, "fields": {"action_time": "2020-08-29T08:31:17.474Z", "user": 1, "content_type": 10, "object_id": "3", "object_repr": "\u042f \u0443\u043f\u043e\u0442\u0440\u0435\u0431\u043b\u044f\u044e", "action_flag": 1, "change_message": "[{\"added\": {}}]"}}, {"model": "admin.logentry", "pk": 10, "fields": {"action_time": "2020-08-29T08:31:31.433Z", "user": 1, "content_type": 10, "object_id": "4", "object_repr": "\u042f \u043d\u0430 \u0440\u0435\u043c\u0438\u0441\u0441\u0438\u0438", "action_flag": 1, "change_message": "[{\"added\": {}}]"}}, {"model": "admin.logentry", "pk": 11, "fields": {"action_time": "2020-08-29T08:32:29.804Z", "user": 1, "content_type": 10, "object_id": "5", "object_repr": "\u041f\u0435\u0440\u0432\u0430\u044f \u043c\u0435\u0434\u0438\u0446\u0438\u043d\u0441\u043a\u0430\u044f \u043f\u043e\u043c\u043e\u0449\u044c", "action_flag": 1, "change_message": "[{\"added\": {}}]"}}, {"model": "admin.logentry", "pk": 12, "fields": {"action_time": "2020-08-29T08:32:44.231Z", "user": 1, "content_type": 10, "object_id": "6", "object_repr": "\u0421\u0440\u044b\u0432", "action_flag": 1, "change_message": "[{\"added\": {}}]"}}, {"model": "admin.logentry", "pk": 13, "fields": {"action_time": "2020-08-29T08:33:10.002Z", "user": 1, "content_type": 10, "object_id": "7", "object_repr": "\u0412\u0418\u0427 \u0438 \u0433\u0435\u043f\u0430\u0442\u0438\u0442", "action_flag": 1, "change_message": "[{\"added\": {}}]"}}, {"model": "admin.logentry", "pk": 14, "fields": {"action_time": "2020-08-29T08:33:26.946Z", "user": 1, "content_type": 10, "object_id": "8", "object_repr": "\u041f\u0440\u0430\u0432\u043e\u0432\u0430\u044f \u0438\u043d\u0444\u043e\u0440\u043c\u0430\u0446\u0438\u044f", "action_flag": 1, "change_message": "[{\"added\": {}}]"}}, {"model": "admin.logentry", "pk": 15, "fields": {"action_time": "2020-08-29T08:33:38.211Z", "user": 1, "content_type": 10, "object_id": "9", "object_repr": "\u041d\u043e\u0432\u043e\u0441\u0442\u0438", "action_flag": 1, "change_message": "[{\"added\": {}}]"}}, {"model": "admin.logentry", "pk": 16, "fields": {"action_time": "2020-08-29T08:34:11.760Z", "user": 1, "content_type": 7, "object_id": "5", "object_repr": "\u0420\u0435\u0430\u0431\u0438\u043b\u0438\u0442\u0430\u0446\u0438\u044f", "action_flag": 2, "change_message": "[{\"changed\": {\"fields\": [\"Category\"]}}]"}}, {"model": "admin.logentry", "pk": 17, "fields": {"action_time": "2020-08-29T08:34:16.708Z", "user": 1, "content_type": 7, "object_id": "4", "object_repr": "\u0414\u0415\u0422\u041e\u041a\u0421\u0418\u041a\u0410\u0426\u0418\u042f", "action_flag": 2, "change_message": "[{\"changed\": {\"fields\": [\"Category\"]}}]"}}, {"model": "admin.logentry", "pk": 18, "fields": {"action_time": "2020-08-29T08:34:21.193Z", "user": 1, "content_type": 7, "object_id": "3", "object_repr": "C\u041d\u0418\u0416\u0415\u041d\u0418\u0415 \u0412\u0420\u0415\u0414\u0410", "action_flag": 2, "change_message": "[{\"changed\": {\"fields\": [\"Category\"]}}]"}}, {"model": "admin.logentry", "pk": 19, "fields": {"action_time": "2020-08-29T08:34:38.167Z", "user": 1, "content_type": 7, "object_id": "3", "object_repr": "C\u041d\u0418\u0416\u0415\u041d\u0418\u0415 \u0412\u0420\u0415\u0414\u0410", "action_flag": 2, "change_message": "[{\"changed\": {\"fields\": [\"Category\"]}}]"}}, {"model": "admin.logentry", "pk": 20, "fields": {"action_time": "2020-08-29T08:34:52.250Z", "user": 1, "content_type": 7, "object_id": "2", "object_repr": "\u0412\u0410\u0428 \u0420\u0415\u0411\u0415\u041d\u041e\u041a \u0412\u0415\u0414\u0415\u0422 \u0421\u0415\u0411\u042f \u0421\u0422\u0420\u0410\u041d\u041d\u041e", "action_flag": 2, "change_message": "[{\"changed\": {\"fields\": [\"Category\"]}}]"}}, {"model": "admin.logentry", "pk": 21, "fields": {"action_time": "2020-08-29T08:35:10.830Z", "user": 1, "content_type": 12, "object_id": "1", "object_repr": "\u041c\u0438\u043d\u0441\u043a", "action_flag": 1, "change_message": "[{\"added\": {}}]"}}, {"model": "admin.logentry", "pk": 22, "fields": {"action_time": "2020-08-29T08:36:24.015Z", "user": 1, "content_type": 12, "object_id": "2", "object_repr": "\u0421\u043b\u0443\u0446\u043a", "action_flag": 1, "change_message": "[{\"added\": {}}]"}}, {"model": "admin.logentry", "pk": 23, "fields": {"action_time": "2020-08-29T08:38:54.102Z", "user": 1, "content_type": 16, "object_id": "1", "object_repr": "\u041e\u0431\u043c\u0435\u043d \u0448\u043f\u0440\u0438\u0446\u0435\u0432", "action_flag": 1, "change_message": "[{\"added\": {}}]"}}, {"model": "admin.logentry", "pk": 24, "fields": {"action_time": "2020-08-29T08:39:12.458Z", "user": 1, "content_type": 16, "object_id": "2", "object_repr": "\u0414\u0435\u0442\u043e\u043a\u0441\u0438\u043a\u0430\u0446\u0438\u044f", "action_flag": 1, "change_message": "[{\"added\": {}}]"}}, {"model": "admin.logentry", "pk": 25, "fields": {"action_time": "2020-08-29T08:39:40.168Z", "user": 1, "content_type": 16, "object_id": "3", "object_repr": "\u041a\u043e\u043d\u0441\u0443\u043b\u044c\u0442\u0430\u0446\u0438\u044f \u043f\u0441\u0438\u0445\u043e\u043b\u043e\u0433\u0430", "action_flag": 1, "change_message": "[{\"added\": {}}]"}}, {"model": "admin.logentry", "pk": 26, "fields": {"action_time": "2020-08-29T08:39:50.613Z", "user": 1, "content_type": 15, "object_id": "1", "object_repr": "\u041e\u043f\u0438\u043e\u0438\u0434\u044b", "action_flag": 1, "change_message": "[{\"added\": {}}]"}}, {"model": "admin.logentry", "pk": 27, "fields": {"action_time": "2020-08-29T08:39:55.779Z", "user": 1, "content_type": 15, "object_id": "2", "object_repr": "\u041f\u0441\u0438\u0445\u043e\u0442\u043e\u0440\u043e\u043f\u044b", "action_flag": 1, "change_message": "[{\"added\": {}}]"}}, {"model": "admin.logentry", "pk": 28, "fields": {"action_time": "2020-08-29T08:40:05.755Z", "user": 1, "content_type": 13, "object_id": "1", "object_repr": "\u0410\u043d\u043e\u043d\u0438\u043c\u043d\u043e", "action_flag": 1, "change_message": "[{\"added\": {}}]"}}, {"model": "admin.logentry", "pk": 29, "fields": {"action_time": "2020-08-29T08:40:12.084Z", "user": 1, "content_type": 13, "object_id": "2", "object_repr": "\u041f\u043e\u0441\u0442\u0430\u043d\u043e\u0432\u043a\u0430 \u043d\u0430 \u0443\u0447\u0435\u0442", "action_flag": 1, "change_message": "[{\"added\": {}}]"}}, {"model": "admin.logentry", "pk": 30, "fields": {"action_time": "2020-08-29T08:40:20.349Z", "user": 1, "content_type": 14, "object_id": "1", "object_repr": "\u041f\u043b\u0430\u0442\u043d\u043e", "action_flag": 1, "change_message": "[{\"added\": {}}]"}}, {"model": "admin.logentry", "pk": 31, "fields": {"action_time": "2020-08-29T08:40:29.627Z", "user": 1, "content_type": 14, "object_id": "2", "object_repr": "\u0411\u0435\u0441\u043f\u043b\u0430\u0442\u043d\u043e", "action_flag": 1, "change_message": "[{\"added\": {}}]"}}, {"model": "admin.logentry", "pk": 32, "fields": {"action_time": "2020-08-29T08:40:37.137Z", "user": 1, "content_type": 11, "object_id": "1", "object_repr": "\u041a\u0410\u0411\u0418\u041d\u0415\u0422\u042b \u0423\u0427\u0410\u0421\u0422\u041a\u041e\u0412\u042b\u0425 \u041d\u0410\u0420\u041a\u041e\u041b\u041e\u0413\u041e\u0412, \u0423\u0417 \"\u0413\u041e\u0420\u041e\u0414\u0421\u041a\u041e\u0419 \u041a\u041b\u0418\u041d\u0418\u0427\u0415\u0421\u041a\u0418\u0419 \u041d\u0410\u0420\u041a\u041e\u041b\u041e\u0413\u0418\u0427\u0415\u0421\u041a\u0418\u0419 \u0414\u0418\u0421\u041f\u0410\u041d\u0421\u0415\u0420\", \u0413. \u041c\u0418\u041d\u0421\u041a - POMOGUT.BY", "action_flag": 1, "change_message": "[{\"added\": {}}, {\"added\": {\"name\": \"organization services\", \"object\": \"OrganizationServices object (1)\"}}]"}}, {"model": "admin.logentry", "pk": 33, "fields": {"action_time": "2020-08-29T08:40:49.441Z", "user": 1, "content_type": 11, "object_id": "1", "object_repr": "\u041a\u0410\u0411\u0418\u041d\u0415\u0422\u042b \u0423\u0427\u0410\u0421\u0422\u041a\u041e\u0412\u042b\u0425 \u041d\u0410\u0420\u041a\u041e\u041b\u041e\u0413\u041e\u0412, \u0423\u0417 \"\u0413\u041e\u0420\u041e\u0414\u0421\u041a\u041e\u0419 \u041a\u041b\u0418\u041d\u0418\u0427\u0415\u0421\u041a\u0418\u0419 \u041d\u0410\u0420\u041a\u041e\u041b\u041e\u0413\u0418\u0427\u0415\u0421\u041a\u0418\u0419 \u0414\u0418\u0421\u041f\u0410\u041d\u0421\u0415\u0420\", \u0413. \u041c\u0418\u041d\u0421\u041a - POMOGUT.BY", "action_flag": 2, "change_message": "[{\"added\": {\"name\": \"organization services\", \"object\": \"OrganizationServices object (2)\"}}]"}}, {"model": "admin.logentry", "pk": 34, "fields": {"action_time": "2020-08-29T08:41:48.992Z", "user": 1, "content_type": 11, "object_id": "2", "object_repr": "\u00ab\u0410\u041d\u041e\u041d\u0418\u041c\u041d\u042b\u0415 \u041d\u0410\u0420\u041a\u041e\u041c\u0410\u041d\u042b\u00bb", "action_flag": 1, "change_message": "[{\"added\": {}}, {\"added\": {\"name\": \"organization services\", \"object\": \"OrganizationServices object (3)\"}}]"}}, {"model": "admin.logentry", "pk": 35, "fields": {"action_time": "2020-08-29T08:42:47.188Z", "user": 1, "content_type": 9, "object_id": "1", "object_repr": "\u0422\u0435\u0441\u0442\u043e\u0432\u0430\u044f \u0441\u0441\u044b\u043b\u043a\u0430 \u043f\u043e\u0434 \u0441\u0442\u0430\u0442\u044c\u0435\u0439", "action_flag": 1, "change_message": "[{\"added\": {}}]"}}, {"model": "admin.logentry", "pk": 36, "fields": {"action_time": "2020-08-29T08:42:48.898Z", "user": 1, "content_type": 7, "object_id": "1", "object_repr": "\u042f - \u0421\u041e\u0417\u0410\u0412\u0418\u0421\u0418\u041c\u042b\u0419", "action_flag": 2, "change_message": "[{\"changed\": {\"fields\": [\"Category\", \"\\u0421\\u0441\\u044b\\u043b\\u043a\\u0430\"]}}]"}}, {"model": "admin.logentry", "pk": 37, "fields": {"action_time": "2020-08-29T08:43:35.828Z", "user": 1, "content_type": 18, "object_id": "1", "object_repr": "\u041d\u043e\u0432\u043e\u0441\u0442\u044c", "action_flag": 1, "change_message": "[{\"added\": {}}]"}}, {"model": "admin.logentry", "pk": 38, "fields": {"action_time": "2020-08-29T08:44:19.383Z", "user": 1, "content_type": 1, "object_id": "1", "object_repr": "novost1", "action_flag": 1, "change_message": "[{\"added\": {}}, {\"added\": {\"name\": \"rich text\", \"object\": \"RichTextContent<pk=1, parent=Page<pk=1, novost1>, region=main, ordering=0>\"}}]"}}, {"model": "admin.logentry", "pk": 39, "fields": {"action_time": "2020-08-29T08:45:06.093Z", "user": 1, "content_type": 1, "object_id": "2", "object_repr": "\u043d\u043e\u0432\u043e\u0441\u0442\u044c 2", "action_flag": 1, "change_message": "[{\"added\": {}}, {\"added\": {\"name\": \"rich text\", \"object\": \"RichTextContent<pk=2, parent=Page<pk=2, \\u043d\\u043e\\u0432\\u043e\\u0441\\u0442\\u044c 2>, region=main, ordering=0>\"}}, {\"added\": {\"name\": \"rich text\", \"object\": \"RichTextContent<pk=3, parent=Page<pk=2, \\u043d\\u043e\\u0432\\u043e\\u0441\\u0442\\u044c 2>, region=main, ordering=2>\"}}, {\"added\": {\"name\": \"media file\", \"object\": \"MediaFileContent<pk=1, parent=Page<pk=2, \\u043d\\u043e\\u0432\\u043e\\u0441\\u0442\\u044c 2>, region=main, ordering=1>\"}}]"}}, {"model": "admin.logentry", "pk": 40, "fields": {"action_time": "2020-08-29T08:45:29.273Z", "user": 1, "content_type": 1, "object_id": "2", "object_repr": "\u043d\u043e\u0432\u043e\u0441\u0442\u044c 2", "action_flag": 2, "change_message": "[{\"changed\": {\"fields\": [\"\\u0422\\u0438\\u043f \\u0441\\u0442\\u0430\\u0442\\u044c\\u0438\"]}}]"}}]